date,site_code_depth,site_code,depth,tal_pe_rfu,chlorophyll_rfu,cond_us_cm,spcond_us_cm,tds_mg_l,sal_psu,do_mg_l,ph,temp_c,turbidity_fnu
2026-01-09,BDB1,BDB,1,-0.22,-0.11,57579.7,54403.2,35362,35.91,6.96,7.75,28.057,1.35
2026-01-02,CN3,CN,3,-0.28,-0.14,56115.1,53669.4,34885,35.39,6.53,7.93,27.386,0.04
2026-01-02,CN1,CN,1,0.79,0.72,56040.5,53650.9,34873,35.37,6.64,7.95,27.332,0
2026-01-02,CRS1,CRS,1,-0.33,-0.1,56294.8,53620.5,34853,35.34,6.58,7.87,27.611,-0.03
2026-01-02,CRS3,CRS,3,-0.38,-0.13,56292.9,53623.6,34855,35.35,6.6,7.83,27.606,-0.22
2026-01-01,MRYC1,MRYC,1,-0.13,-0.1,55923.4,53794.3,34966,35.49,6.87,7.93,27.072,0.56
2026-01-01,LDB1,LDB,1,-0.34,-0.14,56218.1,53727.5,34923,35.43,7.27,7.84,27.427,0.41
2026-01-01,LDB3,LDB,3,-0.28,-0.18,56170.2,53710.8,34912,35.42,7.11,7.83,27.397,0.32
2026-01-01,BDB3,BDB,3,-0.27,-0.14,56054.7,53707.4,34910,35.42,7.02,7.94,27.288,0.29
2026-01-01,BDB1,BDB,1,1.24,-0.08,56036.8,53692.6,34900,35.41,6.9,7.95,27.286,0.28
2026-01-01,YIN1,YIN,1,-0.36,-0.12,55892,53696.1,34902,35.41,6.49,7.81,27.142,0.29
2026-01-01,YIN3,YIN,3,-0.32,-0.14,55861.2,53698.6,34904,35.42,6.51,7.79,27.109,0.33
2026-01-01,FHB3,FHB,3,0.02,-0.16,55951.1,53719.6,34918,35.43,6.9,7.93,27.175,0.66
2026-01-01,FHB1,FHB,1,0.5,0.56,55905.8,53707.5,34910,35.42,6.8,7.94,27.145,0.7
2026-01-01,EBB1,EBB,1,-0.33,-0.16,56122.2,53710.1,34912,35.42,7.39,7.85,27.351,0.41
2026-01-01,EBB3,EBB,3,-0.3,-0.14,56112,53705,34908,35.41,7.19,7.83,27.347,0.44
2026-01-01,YIC3,YIC,3,-0.24,-0.12,56010.4,53673.9,34888,35.39,6.81,7.95,27.279,0.07
2026-01-01,YIC1,YIC,1,-0.21,-0.11,55981.1,53667.5,34884,35.39,6.77,7.96,27.257,0.03
2026-01-01,GIC1,GIC,1,-0.31,-0.12,56013.3,53635.9,34863,35.36,6.42,7.87,27.321,0.01
2026-01-01,GIC3,GIC,3,-0.34,-0.13,55995.2,53636.3,34864,35.36,6.51,7.82,27.303,0
2026-01-01,TPBN3,TPBN,3,-0.3,-0.15,56009.4,53659.3,34879,35.38,6.72,7.95,27.293,0.2
2026-01-01,TPBN1,TPBN,1,-0.04,0.12,55969.3,53649.8,34872,35.38,6.64,7.96,27.264,0.14
2026-01-01,RBA1,RBA,1,-0.3,-0.11,56444,53729.8,34924,35.42,7.86,7.89,27.645,0.93
2026-01-01,ML3,ML,3,-0.23,-0.13,55846.6,53682.2,34893,35.4,6.38,7.93,27.111,0.27
2026-01-01,ML1,ML,1,0.03,0.52,55816.3,53673.5,34888,35.4,6.49,7.96,27.091,0.26
2026-01-01,GIA1,GIA,1,-0.25,-0.11,55820.3,53721.5,34919,35.43,6.48,7.82,27.045,0.49
2026-01-01,GIA3,GIA,3,-0.22,-0.14,55795,53711.1,34912,35.43,6.51,7.8,27.031,0.53
2026-01-01,NBA3,NBA,3,-0.19,-0.12,55806.8,53736.4,34929,35.45,6.52,7.92,27.017,0.58
2026-01-01,NBA1,NBA,1,0.53,0.22,55766.3,53720.4,34918,35.44,6.57,7.95,26.994,0.49
2026-01-01,NBRB1,NBRB,1,-0.25,-0.08,56295.9,53828.2,34988,35.5,7.14,7.86,27.4,0.68
2026-01-01,NBRM1,NBRM,1,0.32,0.01,56121.1,53832.2,34991,35.51,6.61,7.93,27.226,1.27
2026-01-01,EC1,EC,1,-0.29,-0.14,56167.4,53882.9,35024,35.55,6.93,7.82,27.22,0.51
2026-01-01,SRS1,SRS,1,-0.04,-0.12,55732.1,53688.3,34897,35.41,6.45,7.93,26.993,0.37
2026-01-01,JC1,JC,1,-0.32,-0.13,55850,53676.6,34890,35.4,6.55,7.87,27.12,0.08
2026-01-01,JC3,JC,3,0.17,-0.15,55840.4,53676.3,34890,35.4,6.56,7.84,27.111,0.06
2026-01-01,JN3,JN,3,-0.29,-0.12,55775.1,53692.3,34900,35.41,6.45,8.06,27.031,0.19
2026-01-01,JN1,JN,1,-0.29,-0.14,55792.6,53692.5,34900,35.41,6.47,8.09,27.048,0.27
2026-01-01,MRCH1,MRCH,1,1.66,-0.02,55830.7,53679.2,34891,35.4,6.74,7.77,27.099,7.99
2026-01-01,DB1,DB,1,1.21,-0.06,55278.8,53539.6,34801,35.31,6.96,7.41,26.703,0.68
2025-12-30,GEB,GEB,1,0,-0.01,57526.3,54151.8,35199,35.72,6.81,7.75,28.263,NA
2025-12-03,CN3,CN,3,-0.29,-0.13,55665,52822.9,34335,34.74,6.16,7.92,27.817,0.07
2025-12-03,CN1,CN,1,-0.1,-0.07,55686.8,53007.4,34455,34.89,6.55,7.9,27.655,0.03
2025-12-03,CRS1,CRS,1,-0.27,-0.11,56175.1,53081.8,34503,34.93,6.34,7.83,28.051,0.91
2025-12-03,CRS3,CRS,3,-0.28,-0.14,56170.7,53088.7,34508,34.93,6.39,7.81,28.039,-0.19
2025-12-02,GLDB,GLDB,1,0.21,-0.07,57719.2,53586,34831,35.27,6.69,8.13,29.038,6.94
2025-12-02,MRCH1,MRCH,1,1.51,0.08,57566.4,53364.6,34687,35.11,6.43,8.19,29.123,4.67
2025-12-02,DB1,DB,1,0.48,-0.09,56917.2,53221.6,34594,35.02,6.77,8.22,28.635,1.67
2025-12-02,MRYC1,MRYC,1,-0.03,-0.13,591.8,508.2,330,0.24,7.61,7.96,33.605,0.28
2025-12-02,LDB3,LDB,3,-0.26,-0.13,56171.3,53156.8,34552,34.99,6.66,7.93,27.969,0.45
2025-12-02,LDB1,LDB,1,-0.04,-0.12,56200.3,53310.3,34652,35.11,6.73,7.93,27.843,0.65
2025-12-02,BDB1,BDB,1,-0.17,-0.13,56269.6,53157.8,34553,34.99,6.3,7.84,28.066,0.39
2025-12-02,BDB3,BDB,3,-0.14,-0.1,56218.6,53150.3,34548,34.98,6.3,7.82,28.022,0.42
2025-12-02,YIN3,YIN,3,-0.17,-0.11,55892.2,53135.9,34538,34.98,6.17,7.91,27.716,0.45
2025-12-02,YIN1,YIN,1,-0.05,-0.12,55925.3,53172.5,34562,35.01,6.38,7.92,27.71,0.59
2025-12-02,FHB1,FHB,1,-0.22,-0.1,56240.6,53159.6,34554,34.99,7.09,7.85,28.035,0.94
2025-12-02,FHB3,FHB,3,-0.22,-0.15,56208.8,53155,34551,34.98,6.97,7.83,28.008,1.09
2025-12-02,EBB3,EBB,3,-0.31,-0.14,56257.1,53159.7,34554,34.99,7.21,7.94,28.051,0.34
2025-12-02,EBB1,EBB,1,0.1,-0.11,56240.2,53327.7,34663,35.12,7.01,7.94,27.865,0.34
2025-12-02,YIC1,YIC,1,-0.29,-0.12,56037.7,53142.6,34543,34.98,6.42,7.87,27.853,0.28
2025-12-02,YIC3,YIC,3,-0.34,-0.11,56019.2,53140.5,34541,34.98,6.43,7.84,27.836,0.1
2025-12-02,GIC3,GIC,3,-0.29,-0.12,56289.9,53177.6,34565,35,6.27,7.95,28.064,2.63
2025-12-02,GIC1,GIC,1,0.67,-0.11,56307.7,53179.3,34567,35,6.32,7.95,28.08,1.85
2025-12-02,TPBN1,TPBN,1,-0.3,-0.12,56220.3,53168.9,34560,35,6.86,7.9,28.005,0.62
2025-12-02,TPBN3,TPBN,3,-0.31,-0.12,56196.7,53143.7,34543,34.98,6.73,7.88,28.008,0.43
2025-12-02,RBA1,RBA,1,0.28,0.05,56395.4,53501.2,34776,35.25,7,8,27.841,1.15
2025-12-02,ML1,ML,1,-0.24,-0.12,56010.6,53153.7,34550,34.99,6.28,7.88,27.814,0.32
2025-12-02,ML3,ML,3,-0.16,-0.12,55978.3,53151.6,34549,34.99,6.29,7.85,27.785,0.36
2025-12-02,GIA3,GIA,3,-0.22,-0.12,55971.9,53153.9,34550,34.99,6.47,7.97,27.776,0.73
2025-12-02,GIA1,GIA,1,-0.08,-0.12,56018.6,53348.5,34677,35.14,6.6,8,27.623,0.69
2025-12-02,NBA1,NBA,1,-0.26,-0.15,56075.9,53165.9,34558,35,6.34,7.89,27.866,1.04
2025-12-02,NBA3,NBA,3,-0.21,-0.14,56039.3,53160.8,34555,34.99,6.36,7.86,27.835,0.55
2025-12-02,NBRB1,NBRB,1,0.11,-0.12,56402.9,53329.3,34664,35.11,6.46,7.95,28.026,0.17
2025-12-02,NBRM1,NBRM,1,-0.07,-0.13,56233.8,53137.7,34540,34.97,6.64,7.88,28.05,1.16
2025-12-02,EC1,EC,1,1.75,-0.2,56350.8,53710.7,34912,35.41,6.39,7.96,27.574,0.56
2025-12-02,SRS1,SRS,1,-0.34,-0.14,56220.6,53256.8,34617,35.06,6.23,7.87,27.915,0.38
2025-12-02,JC3,JC,3,-0.23,-0.12,55964.7,53091,34509,34.94,5.8,7.92,27.833,0.06
2025-12-02,JC1,JC,1,0.24,0.12,56017.4,53019.8,34463,34.89,5.87,7.93,27.956,0.06
2025-12-02,JN1,JN,1,-0.25,-0.11,55893.3,53075.5,34499,34.93,6.23,7.81,27.78,0.02
2025-12-02,JN3,JN,3,-0.34,-0.11,55883,53077.2,34500,34.93,6.29,7.78,27.768,0.08
2025-11-06,CN3,CN,3,-0.25,-0.12,57432.9,53087,34507,34.89,6.84,8.03,29.286,-0.22
2025-11-06,CN1,CN,1,0.04,-0.08,57436.8,53084.2,34505,34.89,6.7,8.03,29.293,-0.19
2025-11-06,CRS1,CRS,1,-0.28,-0.09,57312.6,53078.5,34501,34.89,6.47,8.14,29.177,0.52
2025-11-06,CRS3,CRS,3,-0.29,-0.12,57319.2,53083.6,34504,34.89,6.46,8.13,29.178,-0.28
2025-11-06,DB1,DB,1,0.93,-0.03,57912.4,53053.4,34485,34.85,6.63,8.25,29.793,1.26
2025-11-06,MRCH1,MRCH,1,0.54,0.25,58459.8,53299.5,34645,35.02,6.41,8.04,30.069,3.04
2025-11-06,LDB1,LDB,1,-0.18,-0.11,56821.3,52971.1,34431,34.82,5.66,7.83,28.806,0.69
2025-11-06,LDB3,LDB,3,-0.14,-0.11,56797.8,52970.5,34431,34.82,5.77,7.79,28.783,0.11
2025-11-06,BDB3,BDB,3,-0.2,-0.08,56757.6,52954.5,34420,34.81,5.96,7.89,28.76,0.22
2025-11-06,BDB1,BDB,1,1.48,0.07,56795.4,53073.8,34498,34.9,6.06,7.88,28.674,0.17
2025-11-06,YIN1,YIN,1,-0.25,-0.13,56982.8,52989.9,34443,34.83,6.45,7.81,28.945,0
2025-11-06,YIN3,YIN,3,-0.23,-0.11,56934.9,52977,34435,34.82,6.46,7.78,28.911,0.32
2025-11-06,FHB3,FHB,3,-0.28,-0.13,56756.6,52972.1,34432,34.83,5.79,7.84,28.741,0.24
2025-11-06,FHB1,FHB,1,0.6,0.68,56763.3,53010.5,34457,34.86,5.98,7.83,28.706,0.2
2025-11-06,EBB1,EBB,1,-0.22,-0.09,56816.6,53015.9,34460,34.86,6.35,7.82,28.753,0.39
2025-11-06,EBB3,EBB,3,-0.2,-0.13,56816.2,53020.7,34463,34.86,6.32,7.78,28.748,0.44
2025-11-06,YIC3,YIC,3,-0.26,-0.14,56826.9,52953.7,34420,34.81,6.12,7.88,28.829,0.05
2025-11-06,YIC1,YIC,1,-0.24,-0.11,56829.8,53202.2,34581,35,6.17,7.87,28.574,0.09
2025-11-06,GIC1,GIC,1,-0.3,-0.12,56902.8,53001.6,34451,34.84,6.18,7.83,28.854,3.83
2025-11-06,GIC3,GIC,3,-0.29,-0.11,56899.5,53001.4,34451,34.84,6.16,7.81,28.851,-0.24
2025-11-06,TPBN3,TPBN,3,-0.31,-0.12,56899,52995.1,34447,34.84,6.01,7.9,28.857,0.79
2025-11-06,TPBN1,TPBN,1,0.98,-0.12,56887.3,52952.9,34419,34.81,5.81,7.86,28.884,1.17
2025-11-06,RBA1,RBA,1,-0.2,-0.12,56872.2,52952.1,34419,34.81,6.1,7.79,28.876,0.56
2025-11-06,ML3,ML,3,-0.07,-0.1,56714,52932.3,34406,34.8,5.98,7.94,28.741,0.46
2025-11-06,ML1,ML,1,1.25,-0.08,56746.1,52774.7,34304,34.67,5.77,7.88,28.928,0.43
2025-11-06,GIA1,GIA,1,-0.08,-0.12,56725.5,52895.9,34382,34.77,6.1,7.88,28.791,0.26
2025-11-06,GIA3,GIA,3,-0.09,-0.11,56718.8,52905.3,34388,34.78,6.06,7.84,28.774,0.29
2025-11-06,SRS1,SRS,1,0.12,-0.13,56632.7,52900.6,34385,34.78,5.61,7.86,28.694,1.27
2025-11-06,NBA1,NBA,1,-0.19,-0.13,56719.1,52895.7,34382,34.77,6.17,7.95,28.784,3.75
2025-11-06,NBA3,NBA,3,-0.14,-0.1,56711.8,52897.9,34384,34.77,6.11,7.91,28.775,0.2
2025-11-06,EC1,EC,1,0.24,-0.12,56684.6,52961.1,34425,34.82,5.39,7.77,28.681,0.37
2025-11-06,NBRM1,NBRM,1,0.34,0.03,56732.1,52875,34369,34.75,5.72,7.85,28.819,2.4
2025-11-06,NBRB1,NBRB,1,-0.13,-0.1,56813.3,52888.2,34377,34.76,5.96,7.83,28.886,0.15
2025-11-06,MRYC1,MRYC,1,-0.18,-0.14,56604.8,52809.6,34326,34.71,6.04,7.67,28.762,0.26
2025-11-05,JN3,JN,3,-0.2,-0.13,56894.4,52956.8,34422,34.81,5.93,7.92,28.893,0.16
2025-11-05,JN1,JN,1,-0.25,-0.14,56899.4,52954.4,34420,34.81,5.96,7.89,28.9,0.07
2025-11-05,JC1,JC,1,-0.26,-0.13,56746.4,52866.3,34363,34.75,6.01,7.7,28.843,-0.16
2025-11-05,JC3,JC,3,-0.27,-0.14,56737,52873.1,34368,34.75,6.08,7.64,28.826,-0.18
2025-10-07,JN3,JN,3,-0.16,-0.11,56326.4,51360,33384,33.59,5.93,7.92,30.063,0.13
2025-10-07,JN1,JN,1,-0.07,-0.11,56367.4,51419.3,33423,33.64,6.2,7.92,30.041,0.12
2025-10-07,JC1,JC,1,-0.28,-0.12,56595.9,51391.5,33404,33.61,5.15,7.78,30.302,0.1
2025-10-07,JC3,JC,3,-0.26,-0.11,56576.5,51391.7,33405,33.61,5.33,7.75,30.282,0.15
2025-10-07,SRS1,SRS,1,0.12,-0.12,56068.5,51241.8,33307,33.51,5.68,7.9,29.932,0.43
2025-10-07,LDB1,LDB,1,-0.16,-0.13,56203.3,51291.4,33339,33.54,4.98,7.82,30.014,0.11
2025-10-07,LDB3,LDB,3,-0.14,-0.12,56183.6,51290.5,33339,33.54,5.11,7.8,29.994,0.06
2025-10-07,BDB3,BDB,3,-0.23,-0.09,56137.6,51263.5,33321,33.52,5.11,7.84,29.978,1.94
2025-10-07,BDB1,BDB,1,-0.11,-0.05,56133.6,51258.9,33318,33.52,5.33,7.85,29.979,1.82
2025-10-07,YIN1,YIN,1,-0.27,-0.13,56168.6,51320.9,33359,33.57,5.99,7.93,29.945,0.14
2025-10-07,YIN3,YIN,3,-0.27,-0.11,56094,51318.3,33357,33.57,6.03,7.9,29.872,0.14
2025-10-07,FHB3,FHB,3,-0.3,-0.12,56205.1,51363.5,33386,33.6,6.12,7.93,29.935,0.97
2025-10-07,FHB1,FHB,1,-0.25,-0.11,56185.2,51353.9,33380,33.59,5.91,7.92,29.926,1.06
2025-10-07,EBB1,EBB,1,-0.28,-0.13,56212.9,51371.8,33392,33.61,6.08,7.85,29.934,0.21
2025-10-07,EBB3,EBB,3,-0.29,-0.11,56192.5,51369.6,33390,33.6,6.11,7.83,29.915,0.23
2025-10-07,MRCH1,MRCH,1,0.47,-0.1,56291.4,51358.9,33383,33.59,6.41,7.87,30.028,0.41
2025-10-07,DB1,DB,1,-0.25,-0.07,56296.7,51383.6,33399,33.61,6.44,7.86,30.006,4.53
2025-10-07,YIC3,YIC,3,-0.22,-0.09,56033.5,51331.1,33365,33.58,6,7.98,29.796,0.11
2025-10-07,YIC1,YIC,1,0,-0.11,56063.7,51333,33366,33.58,6.07,7.97,29.825,0.08
2025-10-07,GIC1,GIC,1,-0.27,-0.11,55995.6,51369.3,33390,33.61,6.22,7.93,29.715,4.41
2025-10-07,GIC3,GIC,3,-0.25,-0.05,55980.5,51368.5,33390,33.61,6.23,7.91,29.701,-0.18
2025-10-07,TPBN3,TPBN,3,-0.26,-0.12,55977.7,51359.1,33383,33.6,5.72,7.94,29.708,0.02
2025-10-07,TPBN1,TPBN,1,-0.09,-0.1,55967,51355.8,33381,33.6,5.76,7.94,29.701,0.03
2025-10-07,RBA1,RBA,1,-0.26,-0.11,56136.5,51306.5,33349,33.56,6.08,7.96,29.929,0.43
2025-10-07,ML3,ML,3,-0.16,-0.12,56158.1,51226.2,33297,33.49,6.1,7.98,30.041,0.12
2025-10-07,ML1,ML,1,1.32,-0.09,56209.8,51184,33270,33.46,6.19,7.97,30.141,0.02
2025-10-07,GIA1,GIA,1,-0.23,-0.09,56053.2,51282.5,33334,33.54,6.02,7.96,29.871,0.15
2025-10-07,GIA3,GIA,3,-0.28,-0.1,56015.6,51278.2,33331,33.54,6.03,7.93,29.837,0.23
2025-10-07,NBA3,NBA,3,-0.09,-0.07,56215,51177.9,33266,33.45,6.14,7.99,30.153,0.06
2025-10-07,NBA1,NBA,1,-0.1,-0.09,56254.5,51181.6,33268,33.46,6.17,7.98,30.189,0.6
2025-10-07,EC1,EC,1,-0.2,-0.09,56317.4,51237.3,33304,33.5,5.22,7.8,30.191,0.19
2025-10-07,NBRM1,NBRM,1,0.62,0.63,56839.3,51298,33344,33.53,6.08,7.9,30.656,1.72
2025-10-07,NBRB1,NBRB,1,-0.13,-0.06,56321.1,51149.3,33247,33.43,5.3,7.73,30.294,0.22
2025-10-07,MRYC1,MRYC,1,-0.25,-0.13,56241.7,51138.3,33240,33.42,5.79,7.78,30.225,0.19
2025-10-06,CN1,CN,1,-0.25,-0.1,56215.8,51408.1,33415,33.63,6.87,7.9,29.896,-0.24
2025-10-06,CN3,CN,3,-0.28,-0.1,56211.6,51402.3,33411,33.63,6.81,7.89,29.899,-0.24
2025-10-06,CRS3,CRS,3,-0.28,-0.12,56083.5,51402.3,33411,33.63,6.44,7.83,29.768,-0.07
2025-10-06,CRS1,CRS,1,-0.29,-0.1,56051.7,51400.2,33410,33.63,6.47,7.82,29.738,-0.27
2025-09-10,CN3,CN,3,-0.12,-0.1,56210.3,51173.6,33263,33.45,7.29,7.99,30.153,1.25
2025-09-10,CN1,CN,1,-0.16,-0.13,56179.9,51162.6,33256,33.44,7.05,7.96,30.134,1.04
2025-09-10,CRS1,CRS,1,-0.24,-0.1,55859.1,51016.6,33161,33.34,6.52,7.99,29.97,6.23
2025-09-10,CRS3,CRS,3,-0.04,-0.12,55852.6,51007.9,33155,33.34,6.64,7.97,29.973,-0.28
2025-09-09,JN3,JN,3,-0.24,-0.13,55778.8,50981.5,33138,33.32,6.33,7.94,29.927,5.28
2025-09-09,JN1,JN,1,-0.07,-0.13,55730.6,51086.1,33206,33.4,6.36,7.94,29.775,3.32
2025-09-09,JC3,JC,3,-0.27,-0.1,56077,51221.7,33294,33.49,5.44,7.85,29.962,0.03
2025-09-09,JC1,JC,1,0.65,-0.04,56077.6,51271.3,33326,33.53,5.76,7.86,29.908,NA
2025-09-09,SRS1,SRS,1,-0.29,-0.09,56072.2,51501.8,33476,33.71,5.74,7.8,29.646,0.96
2025-09-09,LDB3,LDB,3,0.05,-0.07,55562.6,50674,32938,33.09,0.98,6.78,30.051,2.13
2025-09-09,LDB1,LDB,1,0.2,-0.05,55590.4,51306.8,33349,33.58,2.99,7,29.382,2.18
2025-09-09,BDB1,BDB,1,-0.17,-0.08,55573.5,50846.6,33050,33.22,4.49,7.81,29.867,2.25
2025-09-09,BDB3,BDB,3,0.92,-0.05,55511.5,50827.7,33038,33.21,4.74,7.79,29.825,0.48
2025-09-09,YIN3,YIN,3,-0.22,-0.1,55642.6,50869.9,33065,33.24,5.9,7.91,29.912,0.01
2025-09-09,YIN1,YIN,1,0.21,0.01,55632.9,51318.7,33357,33.58,6.14,7.93,29.401,0.05
2025-09-09,FHB1,FHB,1,-0.15,-0.07,55583.2,50865.4,33062,33.24,5.08,7.81,29.856,0.38
2025-09-09,FHB3,FHB,3,-0.24,-0.12,55534.3,50845.2,33049,33.22,5.14,7.76,29.828,0.34
2025-09-09,EBB3,EBB,3,-0.24,-0.1,55660.2,50902.1,33086,33.26,5.69,7.82,29.894,0.2
2025-09-09,EBB1,EBB,1,0.14,-0.08,55657.1,50892.6,33080,33.25,5.61,7.82,29.901,0.26
2025-09-09,MRCH1,MRCH,1,0.14,-0.09,55781.6,51072.9,33197,33.39,6.18,7.82,29.838,0.17
2025-09-09,DB1,DB,1,-0.03,-0.12,55768.2,50901,33086,33.26,6.55,7.89,30.006,0.58
2025-09-09,YIC1,YIC,1,-0.21,-0.09,55610.6,50864.2,33062,33.23,5.97,7.88,29.886,0.01
2025-09-09,YIC3,YIC,3,-0.06,-0.1,55591.1,50967.2,33129,33.31,6.06,7.84,29.76,-0.01
2025-09-09,GIC3,GIC,3,-0.26,-0.09,55635.5,51041.3,33177,33.37,6.14,7.91,29.713,-0.02
2025-09-09,GIC1,GIC,1,0.81,-0.12,55627.3,51068,33194,33.39,6.15,7.91,29.674,NA
2025-09-09,TPBN1,TPBN,1,-0.24,-0.1,55518.9,50924.6,33101,33.28,5.9,7.87,29.723,0.01
2025-09-09,TPBN3,TPBN,3,-0.26,-0.12,55505.9,50921.1,33099,33.28,5.89,7.83,29.714,0.03
2025-09-09,RBA1,RBA,1,-0.16,-0.05,55600,50859,33058,33.23,5.97,7.92,29.896,0.56
2025-09-09,ML1,ML,1,-0.21,-0.09,55646.3,50732.1,32976,33.13,5.92,7.89,30.072,0.24
2025-09-09,ML3,ML,3,-0.09,-0.09,55637.6,50798.3,33019,33.18,5.91,7.86,30.002,0.18
2025-09-09,GIA3,GIA,3,-0.14,-0.09,55618.5,50775.4,33004,33.16,6.04,7.92,29.994,0.16
2025-09-09,GIA1,GIA,1,0.14,-0.11,55691.9,50871.5,33066,33.24,6.02,7.92,29.961,0.07
2025-09-09,NBA1,NBA,1,-0.22,-0.12,55873.4,50678.3,32941,33.08,6.09,7.87,30.367,-0.16
2025-09-09,NBA3,NBA,3,-0.13,-0.1,55827.9,50678.7,32941,33.08,5.98,7.84,30.32,1.49
2025-09-09,EC1,EC,1,-0.08,-0.13,55788.4,50740.6,32981,33.13,5.61,7.84,30.208,0.06
2025-09-09,NBRM1,NBRM,1,0.11,-0.06,56039.6,50553.2,32860,32.98,4.92,7.71,30.682,5.23
2025-09-09,NBRB1,NBRB,1,0.39,-0.06,55994.4,51319.2,33357,33.57,5.06,7.67,29.77,0.49
2025-09-09,MRYC1,MRYC,1,-0.21,-0.11,55591.6,50544.3,32854,32.99,5.37,7.61,30.228,0.45
2025-07-30,CN3,CN,3,-0.11,-0.12,57419.6,53076.5,34500,34.89,6.93,8.07,29.284,7.18
2025-07-30,CN1,CN,1,1.09,-0.09,57407.2,53207,34585,34.99,6.83,8.08,29.136,2.74
2025-07-30,CRS1,CRS,1,-0.26,-0.09,57257.2,53057.6,34487,34.88,6.51,8.09,29.144,3.33
2025-07-30,CRS3,CRS,3,-0.28,-0.07,57250.4,53057,34487,34.88,6.5,8.1,29.138,-0.23
2025-07-29,JC3,JC,3,-0.22,-0.09,58047,53633.1,34862,35.3,6.96,8.02,29.309,2.33
2025-07-29,JC1,JC,1,-0.01,0.24,58013.7,53620.6,34853,35.29,6.53,8.01,29.289,0
2025-07-29,JN1,JN,1,-0.22,-0.11,58215.9,53596.9,34838,35.26,6.9,8,29.512,0.11
2025-07-29,JN3,JN,3,-0.22,-0.12,58221.7,53598.2,34839,35.26,6.84,7.98,29.516,0.06
2025-07-29,LDB1,LDB,1,-0.23,-0.13,58232,53420.3,34723,35.13,4.23,7.73,29.716,1.31
2025-07-29,BDB3,BDB,3,-0.2,-0.11,58256,53421.9,34724,35.13,4.14,7.7,29.737,1.81
2025-07-29,BDB1,BDB,1,-0.18,-0.11,58277.5,53413.7,34719,35.12,4.62,7.72,29.767,1.91
2025-07-29,YIN1,YIN,1,-0.14,-0.14,57990,53452.8,34744,35.16,5.45,7.87,29.446,0.05
2025-07-29,YIN3,YIN,3,-0.16,-0.13,57876.9,53442.7,34738,35.16,5.55,7.87,29.344,0.17
2025-07-29,FHB3,FHB,3,-0.27,-0.12,58116.3,53464.7,34752,35.16,5.62,7.88,29.555,0.59
2025-07-29,FHB1,FHB,1,0,-0.1,58097.4,53448.3,34741,35.15,5.67,7.91,29.554,0.52
2025-07-29,EBB1,EBB,1,-0.23,-0.14,58113.8,53465.3,34752,35.17,5.43,7.84,29.555,0.24
2025-07-29,EBB3,EBB,3,-0.32,-0.13,57891.6,53425.8,34727,35.14,5.49,7.83,29.376,0.31
2025-07-29,MRCH1,MRCH,1,0.08,0.4,57985.4,53743,34933,35.39,6.1,7.96,29.137,0.59
2025-07-29,DB1,DB,1,-0.28,-0.07,58132.8,53462.4,34751,35.16,6.71,7.86,29.573,0.97
2025-07-29,YIC3,YIC,3,-0.25,-0.11,57736.5,53429.8,34729,35.15,5.36,7.93,29.219,0.21
2025-07-29,YIC1,YIC,1,0.26,0.14,57783.5,53597.4,34838,35.28,5.64,7.96,29.089,0.12
2025-07-29,GIC1,GIC,1,-0.3,-0.08,57496.4,53333.2,34667,35.08,6.08,7.95,29.087,3.04
2025-07-29,GIC3,GIC,3,-0.24,-0.07,57495.3,53333.1,34667,35.08,6.07,7.93,29.086,1.01
2025-07-29,TPBN3,TPBN,3,-0.24,-0.12,57625.6,53426.6,34727,35.15,5.64,7.97,29.115,0.85
2025-07-29,TPBN1,TPBN,1,0.61,0.76,57638.3,53621.6,34854,35.3,6.02,7.97,28.922,0.92
2025-07-29,RBA1,RBA,1,-0.14,-0.14,57873.7,53452.7,34744,35.16,6.3,7.94,29.33,0.15
2025-07-29,ML3,ML,3,-0.2,-0.07,57828.3,53394.6,34706,35.12,6.12,7.99,29.347,0.15
2025-07-29,ML1,ML,1,0.08,-0.04,57821,53501.4,34776,35.2,6.15,7.98,29.229,0.04
2025-07-29,GIA1,GIA,1,-0.23,-0.12,57676.1,53462.5,34751,35.18,5.74,7.9,29.128,0.07
2025-07-29,GIA3,GIA,3,-0.3,-0.13,57620.8,53486.3,34766,35.2,5.78,7.88,29.047,0.1
2025-07-29,NBA3,NBA,3,-0.15,-0.1,58092.7,53369.4,34690,35.09,6.21,7.97,29.634,0.95
2025-07-29,NBA1,NBA,1,0.43,-0.13,58103.2,53368,34689,35.09,6.16,7.98,29.645,-0.15
2025-07-29,EC1,EC,1,-0.05,-0.11,57961.1,53447.1,34741,35.16,5.66,7.86,29.422,0.17
2025-07-29,NBRM1,NBRM,1,0.61,0.3,58861.4,53479.9,34762,35.15,5.11,7.85,30.268,1.51
2025-07-29,NBRB1,NBRB,1,-0.18,-0.1,58156.9,53330,34664,35.06,6,7.89,29.739,-0.08
2025-07-29,MRYC1,MRYC,1,-0.25,-0.1,57897.4,53333.5,34667,35.07,6.11,7.91,29.48,0.32
2025-07-01,JN1,JN,1,-0.26,-0.11,57721.9,54565.6,35468,36.03,6.8,8,28.029,0.19
2025-07-01,JN3,JN,3,-0.24,-0.11,57661.4,54545.5,35455,36.02,6.78,7.99,27.991,0.1
2025-07-01,SRS1,SRS,1,-0.07,-0.12,57454.8,54392.7,35355,35.91,6.48,8.01,27.948,0.45
2025-07-01,ML1,ML,1,-0.27,-0.1,57407.5,54227.2,35248,35.78,6.27,7.99,28.071,0.56
2025-07-01,ML3,ML,3,-0.26,-0.11,57407.8,54224.5,35246,35.78,6.32,7.97,28.074,0.57
2025-07-01,LDB3,LDB,3,-0.22,-0.12,57469.8,54223.6,35245,35.77,6.09,8.01,28.134,0.57
2025-07-01,LDB1,LDB,1,0.75,-0.11,57461.1,54227.3,35248,35.78,6.27,8.02,28.122,0.45
2025-07-01,BDB1,BDB,1,-0.26,-0.15,57678.2,54189.7,35223,35.74,6.74,8.01,28.372,1.38
2025-07-01,BDB3,BDB,3,-0.24,-0.14,57663.2,54187,35222,35.74,6.6,7.98,28.359,1.14
2025-07-01,YIN3,YIN,3,-0.25,-0.12,57531.4,54167.4,35209,35.73,7.07,8.06,28.252,0.29
2025-07-01,YIN1,YIN,1,0.39,-0.12,57339.1,54123.3,35180,35.7,6.74,8.07,28.111,0.3
2025-07-01,FHB1,FHB,1,-0.21,-0.13,57396.8,54190.4,35224,35.75,6.6,7.98,28.098,0.73
2025-07-01,FHB3,FHB,3,-0.27,-0.11,57375.8,54193,35225,35.75,6.63,7.96,28.075,0.82
2025-07-01,EBB3,EBB,3,-0.26,-0.12,57306.9,54154.1,35200,35.73,7.37,8.06,28.048,0.78
2025-07-01,EBB1,EBB,1,-0.24,-0.11,57258.5,54148.5,35197,35.72,7.11,8.07,28.007,0.48
2025-07-01,MRCH1,MRCH,1,-0.29,-0.13,57494,54166.4,35208,35.73,6.85,7.99,28.216,0.83
2025-07-01,DB1,DB,1,0.19,-0.1,57439.1,54179.1,35216,35.74,7.36,8.07,28.15,1.08
2025-07-01,YIC1,YIC,1,-0.25,-0.11,57228.8,54162.1,35205,35.73,6.49,8.02,27.964,NA
2025-07-01,YIC3,YIC,3,-0.23,-0.12,57198,54139.6,35191,35.72,6.51,8,27.958,-0.11
2025-07-01,GIC3,GIC,3,-0.21,-0.09,57429.9,54237,35254,35.79,6.57,8.05,28.082,0.45
2025-07-01,GIC1,GIC,1,-0.18,-0.11,57427.5,54238.3,35255,35.79,6.57,8.05,28.079,0.5
2025-07-01,TPBN1,TPBN,1,-0.27,-0.11,57335.1,54202.2,35231,35.76,6.22,8,28.026,0.4
2025-07-01,TPBN3,TPBN,3,-0.29,-0.14,57295.7,54197,35228,35.76,6.19,7.98,27.993,0.35
2025-07-01,RBA1,RBA,1,-0.2,-0.09,57555.2,54289.3,35288,35.82,6.78,8.03,28.15,0.83
2025-07-01,GIA1,GIA,1,-0.12,-0.12,57491.7,54328.1,35313,35.86,6.16,7.95,28.049,0.64
2025-07-01,GIA3,GIA,3,-0.17,-0.07,57403.1,54299.8,35295,35.84,6.23,7.93,27.992,0.62
2025-07-01,NBA3,NBA,3,-0.06,-0.09,57519.9,54365.1,35337,35.88,6.38,8,28.038,0.52
2025-07-01,NBA1,NBA,1,0.71,-0.06,57539.5,54368.2,35339,35.89,6.49,8.01,28.054,0.5
2025-07-01,NBRB1,NBRB,1,-0.15,-0.07,57522.8,54382.8,35349,35.9,6.43,7.93,28.023,0.4
2025-07-01,NBRM1,NBRM,1,0.34,0.15,57617,54492,35420,35.98,6.07,7.93,28.002,2.26
2025-07-01,EC1,EC,1,0,-0.1,57543.5,54469.1,35405,35.96,5.93,7.88,27.956,0.38
2025-07-01,MRYC1,MRYC,1,-0.1,-0.06,57510.2,54375.1,35344,35.89,6.33,7.87,28.019,0.49
2025-06-04,CRS1,CRS,1,-0.22,-0.13,57238.2,53668.5,34884,35.35,6.55,7.96,28.482,-0.41
2025-06-04,CRS3,CRS,3,-0.21,-0.12,57233.5,53666.9,34883,35.35,6.5,7.88,28.48,-0.42
2025-06-04,CN3,CN,3,-0.15,-0.14,57717.2,54038.1,35125,35.62,6.9,8.04,28.565,-0.34
2025-06-04,CN1,CN,1,-0.23,-0.11,57706.9,54028.2,35118,35.62,6.87,8.04,28.565,-0.38
2025-06-03,LDB1,LDB,1,-0.09,-0.05,58155,54307.2,35300,35.82,5.84,7.77,28.71,0.01
2025-06-03,BDB1,BDB,1,-0.16,-0.11,58643.2,54422.7,35375,35.89,6.17,7.76,29.059,0.91
2025-06-03,BDB3,BDB,3,-0.16,-0.08,58692.2,54434.5,35382,35.9,5.31,7.6,29.096,1.18
2025-06-03,YIN3,YIN,3,-0.28,-0.12,58521.3,54446,35390,35.92,7.05,7.84,28.918,0.15
2025-06-03,YIN1,YIN,1,-0.11,-0.08,58622.2,54436.1,35383,35.9,6.94,7.85,29.026,0
2025-06-03,FHB1,FHB,1,-0.3,-0.09,57851.2,54089.3,35158,35.66,5.52,7.73,28.641,0.14
2025-06-03,FHB3,FHB,3,-0.21,-0.09,57812.1,54120.8,35179,35.68,5.38,7.65,28.571,0.18
2025-06-03,EBB3,EBB,3,-0.27,-0.1,57666.3,53947.4,35066,35.55,6.21,7.85,28.608,0.12
2025-06-03,EBB1,EBB,1,-0.14,-0.13,57771.2,53952.9,35069,35.56,6.44,7.85,28.705,0.1
2025-06-03,EBBW1,EBBW,1,-0.28,-0.13,57696,53979.6,35087,35.58,6.12,7.81,28.605,0.05
2025-06-03,EBBW3,EBBW,3,-0.26,-0.1,57697.7,53987.1,35092,35.58,6.15,7.76,28.599,0.05
2025-06-03,COV,COV,1,0.22,-0.05,57703.9,53902.7,35037,35.52,6.52,7.9,28.692,0.03
2025-06-03,MRCH1,MRCH,1,-0.3,-0.1,57791.1,53963.4,35076,35.56,6.41,7.82,28.714,0.41
2025-06-03,DB1,DB,1,-0.06,-0.06,57685.4,53985.8,35091,35.58,6.9,7.84,28.588,0.58
2025-06-03,YIC3,YIC,3,-0.27,-0.08,57509.1,53928.3,35053,35.54,5.82,7.87,28.476,-0.21
2025-06-03,YIC1,YIC,1,0.35,0.05,57407.8,54303.2,35297,35.84,6.11,7.83,27.993,-0.24
2025-06-03,YIE3,YIE,3,-0.27,-0.1,57205.1,53715.9,34915,35.39,6.16,7.96,28.401,-0.28
2025-06-03,YIE1,YIE,1,0.08,0.17,57195.4,54023.1,35115,35.63,6.25,7.93,28.074,-0.25
2025-06-03,GIE1,GIE,1,-0.28,-0.09,57230.9,53746.3,34935,35.41,6.34,7.96,28.394,-0.28
2025-06-03,GIE3,GIE,3,-0.27,-0.12,57229.8,53750.1,34938,35.41,6.33,7.94,28.389,-0.3
2025-06-03,GIC3,GIC,3,-0.23,-0.1,57669.3,54121.7,35179,35.69,6.53,7.94,28.432,-0.06
2025-06-03,GIC1,GIC,1,-0.1,-0.09,57548.9,54021.5,35114,35.62,6.41,7.92,28.419,-0.07
2025-06-03,GOE1,GOE,1,-0.03,-0.1,57938.2,54290.6,35289,35.81,6.46,7.79,28.518,0.07
2025-06-03,TPBN3,TPBN,3,-0.2,-0.09,57771.7,54180.3,35217,35.73,6.01,7.9,28.47,-0.18
2025-06-03,TPBN1,TPBN,1,-0.11,-0.11,57799.5,54179.9,35217,35.73,6.1,7.87,28.498,-0.17
2025-06-03,RBA1,RBA,1,-0.15,-0.06,58279.3,54513.1,35433,35.98,6,7.72,28.617,0.23
2025-06-03,ML3,ML,3,-0.04,0.01,58205,54478.1,35411,35.95,5.58,7.83,28.582,0.69
2025-06-03,ML1,ML,1,0.98,-0.04,58170.5,54583.8,35480,36.03,5.85,7.82,28.452,0.05
2025-06-03,GIA1,GIA,1,0.1,0.02,58421.7,54644.9,35519,36.07,5.28,7.73,28.619,0.1
2025-06-03,GIA3,GIA,3,0.18,0.12,58400.2,54640.9,35517,36.07,5.53,7.66,28.602,0.12
2025-06-03,SRS1,SRS,1,0.11,-0.08,58035.2,54531.7,35446,36,5.85,7.82,28.364,-0.01
2025-06-03,LBI1,LBI,1,-0.08,-0.06,58027,54566.6,35468,36.02,5.45,7.78,28.319,0.12
2025-06-03,LBI3,LBI,3,-0.1,-0.05,58048.1,54580.2,35477,36.03,5.54,7.75,28.327,0.12
2025-06-03,NBA3,NBA,3,0.8,0.36,58697,54813.1,35628,36.2,5.61,7.78,28.71,0.13
2025-06-03,NBA1,NBA,1,0.61,0.38,58686.1,54805,35623,36.19,5.65,7.76,28.708,0.03
2025-06-03,EC1,EC,1,-0.01,-0.06,58886.3,55007.5,35755,36.34,4.64,7.51,28.692,0.12
2025-06-03,NBRM1,NBRM,1,2.15,0.68,58825.4,54796.9,35618,36.18,0.35,7.57,28.849,32.97
2025-06-03,NBRB1,NBRB,1,0.91,0.47,58949.9,54917.8,35697,36.27,5.41,7.52,28.844,NA
2025-06-03,MRYC1,MRYC,1,0.48,0.28,58908.6,54886.2,35676,36.25,5.52,7.55,28.837,0.16
2025-05-07,CN1,CN,1,-0.17,-0.1,58342,54822.9,35635,36.21,6.6,7.92,28.365,1.23
2025-05-07,CN3,CN,3,-0.14,-0.11,58081.8,54766,35598,36.18,6.57,7.91,28.17,-0.1
2025-05-07,CRS3,CRS,3,-0.2,-0.08,58185.7,54840.8,35647,36.23,7.03,8.13,28.193,-0.28
2025-05-07,CRS1,CRS,1,-0.26,-0.08,58706,54882.3,35674,36.25,6.84,8.13,28.646,-0.26
2025-05-07,LDB3,LDB,3,-0.21,-0.1,57411.6,54309.4,35301,35.84,5.03,7.74,27.991,0.09
2025-05-07,LDB1,LDB,1,-0.21,-0.13,57195.6,53939.2,35061,35.56,5.13,7.7,28.16,0.14
2025-05-07,BDB3,BDB,3,-0.14,-0.1,57899.1,54605.6,35494,36.06,5.46,7.83,28.158,1.12
2025-05-07,BDB1,BDB,1,0.26,0.01,57074,54215,35240,35.78,5.39,7.84,27.762,0.21
2025-05-07,YRS1,YRS,1,-0.19,-0.11,58039.6,54642.7,35518,36.08,6.32,7.82,28.255,0.34
2025-05-07,YIN3,YIN,3,-0.2,-0.09,57766.2,54617.9,35502,36.07,5.87,7.86,28.018,0.08
2025-05-07,YIN1,YIN,1,-0.27,-0.1,57792.3,54599.7,35490,36.06,6.1,7.84,28.061,0.01
2025-05-07,FHB1,FHB,1,-0.26,-0.12,57889,54616.3,35501,36.07,5.37,7.78,28.137,0.27
2025-05-07,FHB3,FHB,3,-0.13,-0.12,57723.1,54734.3,35577,36.16,5.72,7.83,27.858,0.69
2025-05-07,EBBW3,EBBW,3,-0.25,-0.09,57539.9,54624.1,35506,36.08,5.74,7.86,27.794,0.11
2025-05-07,EBBW1,EBBW,1,-0.23,-0.11,57554.8,54606.6,35494,36.07,5.94,7.85,27.827,0.19
2025-05-07,COV,COV,1,-0.1,-0.08,57984.2,54764.2,35597,36.18,6.33,7.84,28.078,0.43
2025-05-07,MRCH1,MRCH,1,0.01,0.08,57898.2,54665.9,35533,36.11,5.85,7.85,28.102,1.31
2025-05-07,DB1,DB,1,-0.2,-0.09,58105.9,54755.9,35591,36.17,6.82,7.85,28.203,4.64
2025-05-07,EBB3,EBB,3,-0.2,-0.1,57718.2,54724.9,35571,36.16,5.36,7.83,27.864,0.17
2025-05-07,EBB1,EBB,1,-0.2,-0.11,57713.4,54655.6,35526,36.1,5.38,7.83,27.929,0.14
2025-05-07,YIC1,YIC,1,-0.21,-0.1,57665.2,54644.9,35519,36.1,5.62,7.82,27.894,0.01
2025-05-07,YIC3,YIC,3,-0.28,-0.1,57689.6,54714.7,35565,36.15,5.67,7.81,27.847,-0.05
2025-05-07,YIE3,YIE,3,-0.28,-0.12,57518.7,54702.2,35556,36.15,5.57,7.88,27.696,1.46
2025-05-07,YIE1,YIE,1,0.31,-0.12,57583,54612.6,35498,36.07,5.77,7.86,27.852,2.25
2025-05-07,GIE1,GIE,1,-0.18,-0.09,57646.2,54760.6,35594,36.19,5.74,7.85,27.759,0.2
2025-05-07,GIE3,GIE,3,-0.18,-0.1,57715.2,54828.1,35638,36.24,5.78,7.83,27.757,0.11
2025-05-07,GIC3,GIC,3,-0.22,-0.08,57762.7,54742.5,35583,36.17,5.92,7.87,27.889,0.5
2025-05-07,GIC1,GIC,1,-0.05,-0.09,57741.1,54685,35545,36.13,5.88,7.87,27.926,0
2025-05-07,GOE1,GOE,1,-0.2,-0.1,57369.6,54290.4,35289,35.83,4.66,7.72,27.97,0.34
2025-05-07,TPBN3,TPBN,3,-0.2,-0.1,57681.2,54638.4,35515,36.09,5.76,7.85,27.916,NA
2025-05-07,TPBN1,TPBN,1,-0.18,-0.11,57634.4,54602.3,35492,36.06,5.81,7.85,27.907,0.14
2025-05-07,RRS1,RRS,1,-0.22,-0.1,57688.6,54612.3,35498,36.07,5.6,7.81,27.949,0.05
2025-05-07,RRS3,RRS,3,-0.1,-0.09,57762.2,54661.9,35530,36.11,5.63,7.8,27.97,0.05
2025-05-07,RBA1,RBA,1,-0.05,-0.1,57312.9,54416.4,35371,35.93,4.81,7.81,27.787,0.57
2025-05-07,ML1,ML,1,-0.19,-0.1,57582,54517,35436,36,5.75,7.82,27.943,0.02
2025-05-07,ML3,ML,3,-0.17,-0.06,57591.1,54537.8,35450,36.02,5.72,7.8,27.931,0.04
2025-05-07,GIA3,GIA,3,-0.12,-0.06,57969.9,54737.4,35579,36.16,5.83,7.85,28.092,0.05
2025-05-07,GIA1,GIA,1,0.16,-0.06,57910.8,54664.4,35532,36.1,5.88,7.85,28.109,0.09
2025-05-07,LBI1,LBI,1,-0.19,-0.11,57299.7,54469.5,35405,35.97,5.45,7.78,27.719,0.1
2025-05-07,LBI3,LBI,3,-0.18,-0.09,57422.5,54534.3,35447,36.02,5.56,7.79,27.773,0.08
2025-05-07,NBA3,NBA,3,-0.18,-0.07,57315.5,54359.7,35334,35.89,5.9,7.86,27.847,0.09
2025-05-07,NBA1,NBA,1,0.07,-0.1,57144.8,54148.2,35196,35.73,5.96,7.86,27.897,0.03
2025-05-07,EC1,EC,1,-0.2,-0.08,57731,54334.8,35318,35.85,5.23,7.73,28.273,0.28
2025-05-07,NBRM1,NBRM,1,0.17,0,56805.7,53788.3,34962,35.46,1.34,7.33,27.937,1.46
2025-05-07,NBRB1,NBRB,1,0.31,0.02,56789.6,53775.3,34954,35.45,1.89,7.34,27.935,0.49
2025-05-07,MRYC1,MRYC,1,-0.21,-0.06,57457,54294.4,35291,35.83,5.37,7.65,28.05,0.29
2025-04-09,CN3,CN,3,-0.19,-0.09,57544.4,55500.4,36075,36.76,6.92,8.02,26.928,0.07
2025-04-09,CN1,CN,1,-0.14,-0.09,57527.7,55497.9,36074,36.76,6.89,8.02,26.915,0.06
2025-04-09,CRS1,CRS,1,-0.22,-0.08,57275.8,55226.3,35897,36.56,6.71,8.1,26.943,-0.06
2025-04-09,CRS3,CRS,3,-0.19,-0.06,57258.6,55197.9,35879,36.54,6.69,8.07,26.955,-0.08
2025-04-08,LDB3,LDB,3,-0.23,-0.11,57724.8,55761,36245,36.96,6.81,7.97,26.843,0.48
2025-04-08,LDB1,LDB,1,-0.18,-0.1,57721.5,55746.2,36235,36.95,6.74,7.95,26.856,0.45
2025-04-08,BDB1,BDB,1,-0.23,-0.1,58090.3,55820.2,36283,37,6.48,7.85,27.13,1.06
2025-04-08,BDB3,BDB,3,-0.26,-0.12,57957.3,55797.9,36269,36.98,6.49,7.82,27.026,0.83
2025-04-08,YRS1,YRS,1,1.08,-0.11,57506.6,55869.1,36315,37.05,6.62,7.94,26.535,0.85
2025-04-08,YIN1,YIN,1,-0.27,-0.09,57705.3,55740.4,36231,36.95,7,7.9,26.847,0.8
2025-04-08,YIN3,YIN,3,-0.28,-0.07,57544.5,55725.5,36222,36.94,6.83,7.86,26.709,0.59
2025-04-08,FHB3,FHB,3,-0.24,-0.11,57475.2,55749.7,36237,36.96,6.6,7.96,26.62,1.71
2025-04-08,FHB1,FHB,1,0.33,-0.1,57612.8,55830.1,36290,37.02,6.75,7.93,26.678,1.35
2025-04-08,EBBW1,EBBW,1,-0.33,-0.12,57780.8,55776.2,36255,36.97,7.24,7.97,26.881,0.41
2025-04-08,EBBW3,EBBW,3,-0.29,-0.11,57771,55772.2,36252,36.97,7.16,7.93,26.876,0.41
2025-04-08,COV,COV,1,-0.09,0.03,57747.2,55785.7,36261,36.98,6.9,7.95,26.841,0.75
2025-04-08,MRCH1,MRCH,1,-0.17,-0.13,58525.9,56012.5,36408,37.14,6.82,7.85,27.35,2.55
2025-04-08,DB1,DB,1,-0.08,-0.07,57675.3,55766.6,36248,36.97,6.91,7.94,26.792,0.92
2025-04-08,EBB1,EBB,1,-0.27,-0.08,57788.6,55789.6,36263,36.98,7.22,7.89,26.876,0.74
2025-04-08,EBB3,EBB,3,-0.22,-0.02,57661,55733.9,36227,36.94,6.82,7.84,26.81,0.69
2025-04-08,YIC3,YIC,3,-0.29,-0.12,57430.7,55678.2,36191,36.9,6.33,7.98,26.648,0.04
2025-04-08,YIC1,YIC,1,0.21,-0.08,57419.5,55670.7,36186,36.9,6.42,7.97,26.645,0.03
2025-04-08,YIE1,YIE,1,-0.32,-0.1,57430.6,55667.1,36184,36.9,6.43,7.93,26.659,0.07
2025-04-08,YIE3,YIE,3,-0.2,-0.09,57426.1,55718,36217,36.94,6.49,7.9,26.61,0.06
2025-04-08,GIE3,GIE,3,-0.21,-0.09,57387.8,55723.3,36220,36.94,6.45,7.96,26.564,0.18
2025-04-08,GIE1,GIE,1,0,0.15,57384.4,55552.1,36109,36.81,6.46,7.93,26.727,0.24
2025-04-08,GIC1,GIC,1,-0.3,-0.09,57432.3,55727.8,36223,36.94,6.86,7.93,26.602,0.31
2025-04-08,GIC3,GIC,3,-0.33,-0.1,57406.1,55722.9,36220,36.94,6.72,7.89,26.581,0.4
2025-04-08,TPBN3,TPBN,3,-0.29,-0.09,57361.3,55727.7,36223,36.95,6.34,7.96,26.535,0.24
2025-04-08,TPBN1,TPBN,1,-0.2,-0.1,57341,55456.4,36047,36.74,6.42,7.92,26.772,0.25
2025-04-08,GOE1,GOE,1,-0.4,-0.09,57414.6,55787.1,36262,36.99,6.42,7.86,26.527,0.43
2025-04-08,RRS3,RRS,3,-0.23,-0.11,57419.5,55731.3,36225,36.95,6.72,8.02,26.586,0.5
2025-04-08,RRS1,RRS,1,-0.22,-0.09,57481.1,55910.2,36342,37.08,6.72,7.97,26.476,0.33
2025-04-08,RBA1,RBA,1,-0.24,-0.11,57519.8,55753.5,36240,36.96,6.7,7.91,26.659,1.31
2025-04-08,ML3,ML,3,-0.28,-0.1,57464.3,55739.8,36231,36.95,6.59,8.01,26.62,0.49
2025-04-08,ML1,ML,1,-0.06,-0.09,57457.4,55708.3,36210,36.93,6.52,7.96,26.644,0.55
2025-04-08,GIA1,GIA,1,-0.22,-0.11,57477.5,55748.1,36236,36.96,6.67,7.97,26.624,2.61
2025-04-08,GIA3,GIA,3,-0.2,-0.11,57375.8,55744,36234,36.96,6.66,7.94,26.533,1.01
2025-04-08,LBI3,LBI,3,-0.27,-0.11,57154.1,55715.3,36215,36.94,6.13,7.98,26.352,0.5
2025-04-08,LBI1,LBI,1,-0.28,-0.06,57186.2,55714.8,36215,36.94,6.24,7.95,26.383,0.49
2025-04-08,NBA1,NBA,1,-0.21,-0.1,57507.1,55752,36239,36.96,6.7,7.99,26.648,0.53
2025-04-08,NBA3,NBA,3,-0.23,-0.11,57512.1,55755.7,36241,36.96,6.68,7.96,26.649,0.52
2025-04-08,EC1,EC,1,1.27,-0.09,57392.2,55935.9,36358,37.11,6.52,7.93,26.363,0.73
2025-04-08,NBRM1,NBRM,1,-0.2,-0.09,57821.9,55884.8,36325,37.06,6.22,7.8,26.814,2.54
2025-04-08,NBRB1,NBRB,1,-0.22,-0.08,57628.2,55784.8,36260,36.98,6.73,7.97,26.73,0.34
2025-04-08,MRYC1,MRYC,1,-0.23,-0.1,57549.2,55751,36238,36.96,6.59,7.84,26.689,0.31
2025-03-11,LDB1,LDB,1,-0.31,-0.12,57650,55369.1,35990,36.66,6.35,7.86,27.157,0.41
2025-03-11,LDB3,LDB,3,-0.34,-0.11,57643.8,55364.5,35987,36.66,6.37,7.86,27.155,0.47
2025-03-11,BDB3,BDB,3,-0.31,-0.13,57532.2,55370.4,35991,36.66,6.3,7.94,27.044,0.27
2025-03-11,BDB1,BDB,1,-0.13,-0.1,57537.9,55353.8,35980,36.65,6.42,7.97,27.066,0.22
2025-03-11,YRS1,YRS,1,-0.27,-0.12,57652.4,55333.6,35967,36.63,6.54,7.87,27.194,0.1
2025-03-11,YIN3,YIN,3,-0.24,-0.1,57685.2,55342.9,35973,36.64,6.45,7.94,27.216,1.43
2025-03-11,YIN1,YIN,1,0.2,0.96,57667,55317.9,35957,36.62,6.47,7.99,27.223,0.57
2025-03-11,FHB1,FHB,1,-0.33,-0.12,57482.4,55366.4,35988,36.66,5.93,7.83,27.001,0.5
2025-03-11,FHB3,FHB,3,-0.32,-0.08,57453.6,55356.4,35982,36.65,6.06,7.82,26.983,0.62
2025-03-11,EBBW3,EBBW,3,-0.28,-0.12,57646.2,55402.6,36012,36.69,6.19,7.9,27.12,0.33
2025-03-11,EBBW1,EBBW,1,-0.07,-0.04,57553.6,55347.8,35976,36.65,6.38,7.98,27.087,0.23
2025-03-11,COV,COV,1,-0.41,-0.12,57684.9,55366.6,35988,36.66,6.63,7.87,27.192,0.29
2025-03-11,MRCH1,MRCH,1,0.61,-0.02,57692.7,55407.1,36015,36.69,6.33,7.92,27.16,0.44
2025-03-11,DB1,DB,1,-0.26,-0.11,57524,55348.8,35977,36.65,6.64,7.83,27.058,0.71
2025-03-11,EBB3,EBB,3,-0.25,-0.11,57633.5,55406.1,36014,36.69,6.19,7.9,27.105,0.36
2025-03-11,EBB1,EBB,1,-0.22,-0.12,57620.7,55400.6,36010,36.68,6.21,7.91,27.098,0.36
2025-03-11,YIC1,YIC,1,-0.27,-0.1,57665.8,55321,35959,36.62,6.24,7.88,27.219,0.2
2025-03-11,YIC3,YIC,3,-0.32,-0.1,57650.2,55315.4,35955,36.62,6.3,7.87,27.21,0.08
2025-03-11,YIE3,YIE,3,-0.31,-0.12,57694.3,55320.8,35959,36.62,6.15,7.93,27.246,0.06
2025-03-11,YIE1,YIE,1,1.01,-0.11,57667.2,55308.9,35951,36.61,6.3,7.98,27.232,0.04
2025-03-11,GIE1,GIE,1,-0.22,-0.1,57288,55222,35894,36.56,6.34,7.91,26.959,8.2
2025-03-11,GIE3,GIE,3,-0.3,-0.17,57280.4,55219.3,35893,36.55,6.4,7.89,26.954,0.08
2025-03-11,GIC3,GIC,3,0.31,-0.1,57542.2,55293.5,35941,36.6,6.42,7.96,27.129,0.06
2025-03-11,GIC1,GIC,1,0.44,0.59,57515.7,55278.7,35931,36.59,6.44,7.99,27.119,0.05
2025-03-11,TPBN1,TPBN,1,-0.31,-0.09,57564.3,55309.3,35951,36.62,6.28,7.88,27.135,0.1
2025-03-11,TPBN3,TPBN,3,-0.28,-0.12,57553.5,55296.7,35943,36.61,6.33,7.87,27.137,0.12
2025-03-11,GOE1,GOE,1,0.84,-0.08,57241.2,55328.6,35964,36.64,5.96,7.92,26.81,0.64
2025-03-11,RRS1,RRS,1,-0.29,-0.11,57635.3,55309,35951,36.61,6.56,7.92,27.202,0.45
2025-03-11,RRS3,RRS,3,-0.26,-0.1,57622.6,55306.4,35949,36.61,6.53,7.9,27.193,0.64
2025-03-11,RBA1,RBA,1,0.38,-0.13,57618.7,55295.6,35942,36.6,6.54,7.97,27.2,0.27
2025-03-11,ML1,ML,1,-0.3,-0.1,57552.3,55302.2,35946,36.61,6.48,7.9,27.13,1.7
2025-03-11,ML3,ML,3,-0.25,-0.11,57465.6,55292.6,35940,36.6,6.46,7.89,27.057,0.67
2025-03-11,GIA3,GIA,3,-0.25,-0.14,57290.8,55299,35944,36.61,6.33,7.95,26.885,0.51
2025-03-11,GIA1,GIA,1,0.52,-0.12,57303.7,55535.5,36098,36.8,6.5,7.97,26.667,0.42
2025-03-11,LBI1,LBI,1,-0.27,-0.11,57108.7,55257,35917,36.59,6.06,7.87,26.755,0.37
2025-03-11,LBI3,LBI,3,-0.21,-0.07,57095.5,55250.8,35913,36.58,6.2,7.87,26.748,0.37
2025-03-11,NBA3,NBA,3,-0.27,-0.11,57675.1,55300.3,35945,36.6,6.85,7.99,27.248,0.48
2025-03-11,NBA1,NBA,1,-0.19,-0.09,57628.5,55283.5,35934,36.59,6.72,7.99,27.221,0.5
2025-03-11,EC1,EC,1,-0.2,-0.12,57378,55393.3,36006,36.69,6.19,7.89,26.876,0.85
2025-03-11,NBRM1,NBRM,1,-0.05,-0.11,57949.6,55492.2,36070,36.75,6.27,7.96,27.318,1.84
2025-03-11,NBRB1,NBRB,1,-0.24,-0.08,57636.6,55386.8,36001,36.67,6.41,7.9,27.127,0.51
2025-03-11,MRYC1,MRYC,1,-0.11,-0.11,57807.9,55386.5,36001,36.67,6.33,7.96,27.289,0.83
2025-03-10,CN1,CN,1,-0.21,-0.13,57820.6,55212.3,35888,36.53,6.79,8.03,27.473,0.05
2025-03-10,CN3,CN,3,-0.13,-0.11,57859.9,55218.4,35892,36.54,6.67,7.99,27.505,-0.05
2025-03-10,CRS3,CRS,3,-0.24,-0.1,57987.3,55205.7,35884,36.52,7.16,8.22,27.638,-0.28
2025-03-10,CRS1,CRS,1,-0.25,-0.1,58011,55201.9,35881,36.52,6.96,8.2,27.664,1.96
2025-02-04,CRS1,CRS,1,-0.29,-0.08,58634.6,56341.2,36622,37.39,6.57,8.04,27.131,-0.05
2025-02-04,CRS3,CRS,3,-0.34,-0.12,58624.7,56339.5,36621,37.39,6.6,8.01,27.124,-0.09
2025-02-04,CN3,CN,3,-0.25,-0.13,58643.3,56327.5,36613,37.38,6.9,8.17,27.153,-0.06
2025-02-04,CN1,CN,1,-0.2,-0.1,58622.2,56318.5,36607,37.37,6.88,8.18,27.142,-0.03
2025-02-04,LDB3,LDB,3,-0.21,-0.1,58178,56308.5,36601,37.37,6.67,8.06,26.738,NA
2025-02-04,LDB1,LDB,1,-0.27,-0.08,58167.6,56300,36595,37.37,6.63,8.06,26.737,NA
2025-02-04,BDB1,BDB,1,-0.26,-0.1,58190.1,56324.4,36611,37.39,6.44,8,26.734,1.29
2025-02-04,BDB3,BDB,3,-0.25,-0.1,58142.6,56318.9,36607,37.38,6.44,7.98,26.695,1.18
2025-02-04,YRS1,YRS,1,0.5,-0.09,58105.4,56301.7,36596,37.37,6.47,8.06,26.678,0.95
2025-02-04,YIN1,YIN,1,-0.23,-0.1,58179.6,56316.2,36606,37.38,6.34,7.99,26.732,1.12
2025-02-04,YIN3,YIN,3,-0.25,-0.11,58130.3,56315.2,36605,37.38,6.33,7.97,26.688,0.89
2025-02-04,FHB3,FHB,3,-0.22,-0.09,58159.6,56311.8,36603,37.38,6.85,8.06,26.718,1.13
2025-02-04,FHB1,FHB,1,0.12,-0.07,58173.4,56337.8,36620,37.4,6.81,8.07,26.706,1.15
2025-02-04,EBBW1,EBBW,1,-0.24,-0.12,58109.5,56316.3,36606,37.38,7.06,7.98,26.667,2.2
2025-02-04,EBBW3,EBBW,3,-0.31,-0.12,58097,56315.6,36605,37.38,6.95,7.96,26.656,2.23
2025-02-04,COV,COV,1,-0.24,-0.1,58204.5,56311.2,36602,37.38,7.02,8.04,26.76,5.02
2025-02-04,MRCH1,MRCH,1,-0.36,-0.1,58190.6,56307.4,36600,37.37,6.78,7.98,26.751,1.65
2025-02-04,DB1,DB,1,0.39,-0.11,58170.6,56302.6,36597,37.37,6.82,8.07,26.737,3.01
2025-02-04,EBB1,EBB,1,-0.26,-0.07,58079.4,56314.1,36604,37.38,7.09,7.97,26.641,2.71
2025-02-04,EBB3,EBB,3,-0.34,-0.13,58071.2,56311.6,36603,37.38,6.9,7.95,26.636,3.62
2025-02-04,YIC1,YIC,1,-0.25,-0.08,58483.4,56355.5,36631,37.4,6.35,8.08,26.977,0.3
2025-02-04,YIC3,YIC,3,-0.25,-0.1,58483.3,56356.3,36632,37.4,6.36,8.08,26.976,0.28
2025-02-04,YIE1,YIE,1,-0.3,-0.09,58467.7,56328.1,36613,37.38,6.37,8.02,26.989,0.08
2025-02-04,YIE3,YIE,3,-0.35,-0.08,58459,56330.6,36615,37.38,6.38,8.01,26.978,0.1
2025-02-04,GIE3,GIE,3,-0.25,-0.09,58431.1,56324.9,36611,37.38,6.29,8.08,26.958,0
2025-02-04,GIE1,GIE,1,0.31,0.06,58413.3,56640.7,36816,37.63,6.42,8.08,26.639,0.36
2025-02-04,GIC1,GIC,1,-0.33,-0.1,58253.8,56334.6,36617,37.39,6.58,8.01,26.784,0.62
2025-02-04,GIC3,GIC,3,-0.29,-0.09,58251.1,56335,36618,37.39,6.61,7.99,26.781,0.64
2025-02-04,TPBN3,TPBN,3,-0.25,-0.09,58218.5,56324.9,36611,37.39,6.46,8.06,26.76,0.73
2025-02-04,TPBN1,TPBN,1,-0.28,-0.1,58201.8,56317.3,36606,37.38,6.47,8.06,26.752,0.74
2025-02-04,GOE1,GOE,1,-0.23,-0.09,58048.8,56297.6,36593,37.37,6.42,7.97,26.629,1.25
2025-02-04,RRS3,RRS,3,-0.18,-0.12,58111.2,56301,36596,37.37,6.4,8.06,26.683,0.98
2025-02-04,RRS1,RRS,1,-0.21,-0.12,58105.9,56300,36595,37.37,6.44,8.07,26.679,0.92
2025-02-04,RBA1,RBA,1,-0.27,-0.11,58141.8,56291.5,36590,37.36,6.69,8,26.721,1
2025-02-04,ML3,ML,3,-0.16,-0.11,58157.9,56302.1,36596,37.37,6.52,8.06,26.725,0.76
2025-02-04,ML1,ML,1,-0.16,-0.12,58212.1,56305.1,36598,37.37,6.54,8.07,26.774,0.73
2025-02-04,GIA1,GIA,1,-0.26,-0.11,58100.7,56301.3,36596,37.37,6.42,8,26.673,0.76
2025-02-04,GIA3,GIA,3,-0.27,-0.11,58074.1,56295.7,36592,37.37,6.42,7.99,26.654,0.82
2025-02-04,LBI3,LBI,3,-0.25,-0.09,58031.9,56351,36628,37.41,6.06,8.04,26.562,0.66
2025-02-04,LBI1,LBI,1,0.15,-0.08,58041,56346.9,36625,37.41,6.24,8.05,26.574,0.63
2025-02-04,NBA1,NBA,1,-0.24,-0.13,58049.2,56296.1,36592,37.37,6.53,8.01,26.631,1.13
2025-02-04,NBA3,NBA,3,-0.2,-0.13,58036.9,56300.3,36595,37.37,6.49,7.99,26.618,0.9
2025-02-04,EC1,EC,1,1.05,-0.01,57724.2,56377.7,36646,37.44,6.32,8.03,26.25,0.93
2025-02-04,NBRM1,NBRM,1,0.32,-0.02,57859.7,56381.8,36648,37.44,6.37,7.96,26.372,5.37
2025-02-04,NBRB1,NBRB,1,0.52,-0.03,57870.8,56321.2,36609,37.39,6.43,8.01,26.44,0.86
2025-02-04,MRYC1,MRYC,1,-0.13,-0.12,57894.2,56262.6,36571,37.35,6.42,7.89,26.518,0.72
2025-01-20,CN3,CN,3,-0.21,-0.05,58852.9,55977.4,36385,37.1,6.99,7.99,27.689,NA
2025-01-20,CN1,CN,1,-0.24,-0.05,58837.5,55975.1,36384,37.1,6.95,7.98,27.677,0.14
2025-01-20,CRS3,CRS,3,-0.22,-0.09,58741.1,55978.5,36386,37.1,6.6,7.85,27.584,-0.05
2025-01-20,CRS1,CRS,1,-0.29,-0.08,58736.9,55978.9,36386,37.1,6.61,7.83,27.58,-0.08
2025-01-08,GLDB,GLDB,1,1.36,1.02,60780.6,56326.6,36612,37.31,6.79,7.87,29.146,5.58
2025-01-08,LDB1,LDB,1,-0.2,-0.1,58713.1,55954,36370,37.08,6.56,7.95,27.582,0.3
2025-01-08,LDB3,LDB,3,-0.26,-0.09,58685.5,55951.9,36369,37.08,6.56,7.94,27.558,0.35
2025-01-08,BDB3,BDB,3,-0.23,-0.1,58568.3,55938,36360,37.08,6.43,7.99,27.462,0.29
2025-01-08,BDB1,BDB,1,-0.05,-0.08,58594.4,56059.2,36438,37.17,6.61,8,27.379,0.33
2025-01-08,YRS1,YRS,1,-0.15,-0.07,58496,55934.1,36357,37.08,6.6,7.95,27.398,0.48
2025-01-08,YIN3,YIN,3,-0.15,-0.1,58477.9,55931,36355,37.07,6.58,8.01,27.384,0.6
2025-01-08,YIN1,YIN,1,-0.12,0.04,58498,55852,36304,37.01,6.64,8.01,27.48,0.41
2025-01-08,FHB1,FHB,1,-0.29,-0.11,58584.2,55941.2,36362,37.08,6.8,7.94,27.474,0.98
2025-01-08,FHB3,FHB,3,-0.24,-0.09,58600.7,55939.7,36361,37.08,6.75,7.92,27.491,1.16
2025-01-08,EBB3,EBB,3,-0.28,-0.07,58430.9,55944.6,36364,37.08,6.67,7.98,27.327,0.5
2025-01-08,EBB1,EBB,1,-0.05,-0.08,58552.1,55949.7,36367,37.09,6.75,8,27.435,0.43
2025-01-08,EBBW1,EBBW,1,-0.28,-0.09,58456,55958.2,36373,37.09,6.91,7.93,27.337,0.61
2025-01-08,EBBW3,EBBW,3,-0.31,-0.09,58499.7,55926.2,36352,37.07,7.14,7.92,27.408,0.67
2025-01-08,COV,COV,1,0.16,-0.09,58694.3,56556.7,36762,37.55,6.84,8,26.991,0.53
2025-01-08,MRCH1,MRCH,1,-0.3,-0.1,58765.4,55997.3,36398,37.12,6.6,7.89,27.588,0.53
2025-01-08,DB1,DB,1,-0.03,-0.12,58486.6,55833.7,36292,37,6.91,8,27.488,3.71
2025-01-08,1YIC,YIC,1,-0.17,-0.1,58421.7,55940,36361,37.08,6.36,7.94,27.323,0.49
2025-01-08,3YIC,YIC,3,-0.16,-0.11,58405.6,55935.9,36358,37.08,6.38,7.93,27.312,0.55
2025-01-08,YIE3,YIE,3,-0.2,-0.06,58554,55902.8,36337,37.05,6.08,7.99,27.483,0.05
2025-01-08,YIE1,YIE,1,-0.09,-0.1,58505.8,55874.5,36318,37.03,6.28,7.99,27.466,0.04
2025-01-08,GIE1,GIE,1,-0.31,-0.11,58611.2,55874.3,36318,37.03,6.15,7.94,27.565,0.04
2025-01-08,GIE3,GIE,3,-0.32,-0.1,58581.9,55868.9,36315,37.02,6.29,7.93,27.542,0.02
2025-01-08,3GIC,GIC,3,-0.27,-0.1,58392.4,55926.5,36352,37.07,6.62,7.98,27.308,0.21
2025-01-08,1GIC,GIC,1,0.16,0.25,58409.5,56103.8,36467,37.21,6.53,7.99,27.152,0.24
2025-01-08,TPBN1,TPBN,1,-0.26,-0.1,58478.5,55924.7,36351,37.07,6.27,7.93,27.391,0.35
2025-01-08,TPBN3,TPBN,3,-0.21,-0.06,58472.9,55924.9,36351,37.07,6.32,7.91,27.385,0.41
2025-01-08,GOE1,GOE,1,-0.21,-0.06,58394.5,55945.5,36365,37.09,5.61,7.93,27.292,0.71
2025-01-08,RRS1,RRS,1,-0.08,-0.14,58400.6,55943,36363,37.08,6.41,7.94,27.3,0.7
2025-01-08,RRS3,RRS,3,-0.11,-0.11,58405.9,55944.3,36364,37.08,6.43,7.93,27.304,0.74
2025-01-08,RBA1,RBA,1,0.08,-0.08,58391.3,55952.7,36369,37.09,6.36,7.98,27.282,1.05
2025-01-08,ML1,ML,1,-0.15,-0.1,58445.3,55957.9,36373,37.1,6.49,7.94,27.327,0.82
2025-01-08,ML3,ML,3,-0.17,-0.13,58424.7,55954.6,36370,37.09,6.49,7.93,27.311,0.82
2025-01-08,GIA3,GIA,3,-0.18,-0.1,58304,55925.5,36352,37.07,5.96,7.96,27.226,0.65
2025-01-08,GIA1,GIA,1,-0.18,-0.1,58328.7,55918.9,36347,37.07,6.12,7.97,27.256,0.63
2025-01-08,LBI3,LBI,3,-0.26,-0.1,58357.1,55907.4,36340,37.06,5.73,7.92,27.294,0.41
2025-01-08,LBI1,LBI,1,-0.26,-0.07,58391.7,55907.2,36340,37.06,5.79,7.9,27.327,0.53
2025-01-08,NBA3,NBA,3,-0.13,-0.11,58390.3,55946.2,36365,37.09,6.31,7.97,27.287,0.74
2025-01-08,NBA1,NBA,1,0,-0.09,58395.6,55940.5,36361,37.08,6.36,7.97,27.298,0.74
2025-01-08,EC1,EC,1,-0.16,-0.1,58337.2,56055.8,36436,37.17,6.12,7.87,27.131,1.09
2025-01-08,NBRM1,NBRM,1,0.28,-0.1,58284.1,56005,36403,37.14,6.23,7.94,27.131,1.42
2025-01-08,NBRB1,NBRB,1,-0.03,-0.1,58254.5,56003.3,36402,37.14,6.15,7.87,27.105,0.93
2025-01-08,MRYC1,MRYC,1,-0.18,-0.1,58338.1,55957.1,36372,37.1,6.51,7.69,27.228,0.81
2024-12-04,LDB1,LDB,1,-0.21,-0.08,58349.5,54469.8,35405,35.94,6.64,7.88,28.729,0.7
2024-12-04,LDB3,LDB,3,-0.19,-0.04,58328.6,54465.1,35402,35.94,6.62,7.87,28.714,0.95
2024-12-04,BDB3,BDB,3,0.25,0.01,58292.2,54626.9,35507,36.06,6.36,7.85,28.515,0.76
2024-12-04,YRS1,YRS,1,-0.16,-0.08,58193.1,54480,35412,35.95,6.07,7.85,28.568,1.28
2024-12-04,YIN3,YIN,3,-0.18,-0.05,58241.8,54494.9,35422,35.96,5.97,7.89,28.6,0.93
2024-12-04,YIN1,YIN,1,-0.14,-0.05,58261.7,54485.8,35416,35.95,6.21,7.88,28.624,0.61
2024-12-04,FHB1,FHB,1,-0.23,-0.04,58632.2,54623.3,35505,36.05,6.47,7.88,28.843,0.56
2024-12-04,FHB3,FHB,3,-0.35,-0.01,58577.9,54604.6,35493,36.04,6.58,7.87,28.81,0.81
2024-12-04,EBB3,EBB,3,-0.21,-0.03,58906.1,54688.7,35548,36.09,7.13,7.96,29.038,0.85
2024-12-04,EBB1,EBB,1,-0.15,-0.01,58907.4,54680.9,35543,36.09,7.1,7.94,29.047,0.89
2024-12-04,EBBW1,EBBW,1,-0.19,-0.06,58831.3,54664.3,35532,36.08,7.2,7.94,28.991,1.36
2024-12-04,EBBW3,EBBW,3,-0.23,-0.06,58819.9,54650.2,35523,36.06,7.28,7.92,28.993,1.86
2024-12-04,COV,COV,1,-0.06,0.03,59077.6,54763.4,35596,36.15,6.89,7.95,29.125,0.9
2024-12-04,MRCH1,MRCH,1,-0.13,0,59133.9,54694.1,35551,36.09,6.82,7.9,29.25,0.51
2024-12-04,DB1,DB,1,0.06,0.02,58400.1,54529.3,35444,35.98,7.01,7.9,28.717,3.02
2024-12-04,1YIC,YIC,1,-0.21,0,58787.5,54644.9,35519,36.06,6.05,7.9,28.969,0.19
2024-12-04,3YIC,YIC,3,-0.26,0,58767.5,54644.8,35519,36.06,6.13,7.88,28.95,0.14
2024-12-04,YIE3,YIE,3,-0.18,0.03,58989,54658.8,35528,36.07,6.37,7.94,29.148,-0.08
2024-12-04,YIE1,YIE,1,-0.11,0.01,58962.1,54717.1,35566,36.11,6.48,7.92,29.062,-0.11
2024-12-04,GIE1,GIE,1,-0.22,0.03,58904,54648.8,35522,36.06,6.22,7.92,29.077,0.6
2024-12-04,GIE3,GIE,3,-0.18,-0.01,58884.5,54646.7,35520,36.06,6.28,7.89,29.06,0.01
2024-12-04,3GIC,GIC,3,-0.2,-0.01,58620.5,54585.1,35480,36.02,6.71,7.91,28.871,0.53
2024-12-04,1GIC,GIC,1,-0.05,0,58609.5,54712.2,35563,36.12,6.7,7.89,28.732,0.45
2024-12-04,TPBN1,TPBN,1,-0.18,-0.04,58591.5,54565.6,35468,36.01,6.24,7.88,28.863,0.43
2024-12-04,TPBN3,TPBN,3,-0.17,-0.04,58539.3,54551.7,35459,36,6.29,7.86,28.826,0.45
2024-12-04,GOE1,GOE,1,-0.11,-0.03,58039.3,54445.1,35389,35.93,6.31,7.84,28.456,0.76
2024-12-04,RRS1,RRS,1,-0.26,-0.03,58633,54578.7,35476,36.02,6.25,7.9,28.89,0.42
2024-12-04,RRS3,RRS,3,-0.18,-0.03,58580.7,54547.8,35456,35.99,6.28,7.86,28.871,0.45
2024-12-04,RBA1,RBA,1,-0.05,-0.06,58372.2,54458.6,35398,35.93,6.46,7.9,28.763,0.77
2024-12-04,ML1,ML,1,-0.1,-0.05,58080.3,54368.3,35339,35.87,6.34,7.88,28.575,0.35
2024-12-04,ML3,ML,3,-0.11,-0.07,58022,54351.5,35328,35.86,6.34,7.86,28.536,0.26
2024-12-04,GIA1,GIA,1,-0.24,-0.05,58467.4,54520.2,35438,35.98,6.02,7.91,28.79,0.42
2024-12-04,GIA3,GIA,3,-0.14,-0.04,58330.5,54493.7,35421,35.96,6.12,7.88,28.686,0.35
2024-12-04,LBI1,LBI,1,-0.2,-0.07,58140.1,54433.1,35381,35.92,6.5,7.89,28.566,0.5
2024-12-04,LBI3,LBI,3,-0.22,-0.08,58045.7,54419.4,35373,35.91,6.55,7.86,28.489,0.43
2024-12-04,NBA3,NBA,3,-0.1,-0.11,57772.2,54286.3,35286,35.81,6.39,7.91,28.362,0.34
2024-12-04,NBA1,NBA,1,0.19,-0.12,57808.4,54278.8,35281,35.81,6.49,7.87,28.404,0.38
2024-12-04,EC1,EC,1,-0.16,-0.08,57563.2,54334.9,35318,35.86,6.02,7.76,28.111,0.21
2024-12-04,NBRM1,NBRM,1,0.11,-0.11,57336.5,54184.4,35220,35.75,6.25,7.85,28.046,2.51
2024-12-04,NBRB1,NBRB,1,-0.08,-0.08,57673.2,54270.6,35276,35.81,6.57,7.84,28.282,0.11
2024-12-04,MRYC1,MRYC,1,-0.08,-0.12,57651.4,54264.2,35272,35.8,6.37,7.86,28.268,-0.12
2024-12-04,GLDB,GLDB,1,0.15,-0.08,57775.5,54257.3,35267,35.79,6.78,7.85,28.394,1.83
2024-12-03,CRS1,CRS,1,-0.18,-0.06,58753.6,54395.6,35357,35.87,6.49,7.88,29.195,-0.18
2024-12-03,CRS3,CRS,3,-0.18,-0.08,58747.2,54398,35359,35.87,6.49,7.85,29.186,-0.29
2024-12-03,CN3,CN,3,-0.12,-0.09,58673,54381.7,35348,35.86,6.5,7.96,29.131,-0.24
2024-12-03,CN1,CN,1,-0.13,-0.07,58673.3,54381.1,35348,35.86,6.53,7.94,29.132,-0.22
2024-11-04,GEB,GEB,1,0.6,0.69,61128.5,54004.8,35103,35.48,6.86,7.78,31.906,6.62
2024-11-04,LDB3,LDB,3,-0.18,-0.05,58747.7,53818.9,34982,35.42,6.24,7.86,29.795,0.64
2024-11-04,LDB1,LDB,1,-0.16,-0.08,58764.6,53815.5,34980,35.42,6.27,7.86,29.815,0.65
2024-11-04,BDB1,BDB,1,-0.13,-0.11,58746.2,53808.5,34976,35.41,5.79,7.8,29.804,0.83
2024-11-04,BDB3,BDB,3,-0.15,-0.05,58670,53797.8,34969,35.41,5.84,7.8,29.742,0.88
2024-11-04,YRS1,YRS,1,0.12,-0.06,58562.9,53797.5,34968,35.41,6.21,7.88,29.638,1.1
2024-11-04,YIN1,YIN,1,-0.15,-0.03,58727.7,53813.4,34979,35.42,6.35,7.85,29.781,0.87
2024-11-04,YIN3,YIN,3,-0.2,-0.1,58622.1,53797.7,34969,35.41,6.24,7.84,29.695,0.96
2024-11-04,FHB3,FHB,3,-0.21,-0.09,58637.3,53776.2,34955,35.39,5.88,7.81,29.733,2.06
2024-11-04,FHB1,FHB,1,-0.24,-0.05,58649.9,53771.6,34952,35.39,5.92,7.8,29.75,2.47
2024-11-04,EBB3,EBB,3,-0.17,-0.06,58794.7,53739.8,34931,35.36,7.24,7.89,29.925,0.91
2024-11-04,EBB1,EBB,1,-0.17,-0.01,58864.3,53743.7,34933,35.36,7.22,7.9,29.988,0.71
2024-11-04,EBBW3,EBBW,3,-0.19,-0.03,58749.8,53735.9,34928,35.35,6.85,7.91,29.885,0.76
2024-11-04,EBBW1,EBBW,1,-0.12,-0.02,58849.9,53743.9,34934,35.36,6.99,7.93,29.975,0.66
2024-11-04,COV,COV,1,-0.17,0.01,59044.4,53746,34935,35.35,6.53,7.89,30.161,0.74
2024-11-04,MRCH1,MRCH,1,-0.19,-0.03,59421.9,53782.2,34958,35.37,6.35,7.87,30.491,0.77
2024-11-04,DB1,DB,1,0.06,-0.08,58768.4,53758.9,34943,35.37,6.87,7.77,29.879,1.76
2024-11-04,YIE3,YIE,3,-0.15,-0.04,58601.1,53818.7,34982,35.42,5.92,7.85,29.652,0.41
2024-11-04,YIE1,YIE,1,-0.16,-0.09,58642.3,53815.3,34980,35.42,5.9,7.82,29.696,0.46
2024-11-04,GIE1,GIE,1,-0.11,-0.07,58672.3,53752.3,34939,35.37,5.63,7.83,29.792,0.18
2024-11-04,GIE3,GIE,3,-0.16,-0.07,58649.3,53749.5,34937,35.37,5.72,7.81,29.773,0.18
2024-11-04,1GIC,GIC,1,-0.17,-0.07,58565.4,53777.3,34955,35.39,5.68,7.82,29.662,0.36
2024-11-04,3GIC,GIC,3,-0.17,-0.07,58533.7,53774.8,34954,35.39,5.74,7.81,29.633,0.37
2024-11-04,TPBN1,TPBN,1,-0.16,-0.06,58518.9,53807,34975,35.42,6.31,7.78,29.585,0.48
2024-11-04,TPBN3,TPBN,3,-0.16,-0.06,58479.3,53805,34973,35.42,6.27,7.77,29.548,0.51
2024-11-04,GOE1,GOE,1,-0.16,-0.04,58556,53822.2,34984,35.43,5.76,7.71,29.605,1.68
2024-11-04,RRS1,RRS,1,-0.08,-0.11,58455.7,53829.7,34989,35.44,6.08,7.81,29.5,0.93
2024-11-04,RRS3,RRS,3,-0.03,-0.09,58431.7,53825.2,34986,35.43,6.15,7.8,29.481,0.94
2024-11-04,RBA1,RBA,1,-0.14,-0.1,58578.1,53838.6,34995,35.44,6.38,7.8,29.609,0.8
2024-11-04,ML1,ML,1,-0.07,-0.08,58606.3,53843.3,34998,35.44,6.5,7.84,29.632,0.72
2024-11-04,ML3,ML,3,-0.01,-0.08,58575.2,53842.7,34998,35.44,6.43,7.81,29.602,0.73
2024-11-04,GIA3,GIA,3,-0.21,-0.04,58407.2,53814.1,34979,35.43,5.57,7.76,29.468,1.07
2024-11-04,GIA1,GIA,1,0.26,-0.06,58463.8,53827.7,34988,35.44,5.79,7.72,29.509,0.85
2024-11-04,LBI1,LBI,1,-0.16,-0.07,58435.8,53774.4,34953,35.4,5.13,7.71,29.538,1.87
2024-11-04,LBI3,LBI,3,-0.11,-0.06,58358,53753,34939,35.38,5.13,7.7,29.485,0.78
2024-11-04,NBA3,NBA,3,-0.11,-0.09,58560.7,53834.9,34993,35.44,6.1,7.81,29.596,0.64
2024-11-04,NBA1,NBA,1,-0.13,-0.09,58590.9,53825.7,34987,35.43,5.98,7.77,29.635,0.63
2024-11-04,EC1,EC,1,-0.02,-0.08,58592.5,53881.9,35023,35.47,5.9,7.73,29.577,0.43
2024-11-04,NBRM1,NBRM,1,0.07,-0.05,58990.2,53930.4,35055,35.5,5.66,7.75,29.912,2.84
2024-11-04,NBRB1,NBRB,1,0.11,-0.06,58818.6,53904.2,35038,35.48,5.7,7.73,29.773,NA
2024-11-04,MRYC1,MRYC,1,-0.09,-0.11,58577.4,53821.7,34984,35.43,6.4,7.73,29.626,0.22
2024-10-15,COV,COV,1,1.48,2.73,61314.5,54098.1,35164,35.55,6.53,7.99,31.984,637.12
2024-10-15,MRCH1,MRCH,1,26.56,41.04,61310.4,54155.6,35201,35.59,9.24,8.18,31.917,4.07
2024-10-15,GLDB,GLDB,1,1.7,0.33,1659.4,1454.5,945,0.72,8.05,7.88,32.373,6.42
2024-10-15,LDB3,LDB,3,-0.16,-0.04,59665.5,53885.5,35026,35.44,6.41,7.99,30.616,0.47
2024-10-15,LDB1,LDB,1,-0.17,-0.05,59671.6,53879.1,35021,35.43,6.39,8,30.629,0.3
2024-10-15,BDB1,BDB,1,-0.14,-0.1,59609.1,53870.5,35016,35.43,5.97,7.96,30.577,0.16
2024-10-15,BDB3,BDB,3,-0.09,-0.07,59576.7,53858.8,35008,35.42,6.02,7.95,30.558,0.12
2024-10-15,YRS1,YRS,1,0.02,-0.03,59536.7,54012.9,35108,35.54,6.37,8.01,30.365,0.26
2024-10-15,YIN1,YIN,1,-0.17,-0.07,59489.2,53833.3,34992,35.41,5.89,7.97,30.502,0.25
2024-10-15,YIN3,YIN,3,-0.18,-0.08,59391.5,53833.9,34992,35.41,5.91,7.95,30.405,0.21
2024-10-15,FHB3,FHB,3,-0.17,-0.03,59616.6,53877,35020,35.43,6.32,7.99,30.578,0.55
2024-10-15,FHB1,FHB,1,-0.06,-0.05,59352.8,54130.7,35185,35.64,6.3,8,30.051,0.62
2024-10-15,EBB1,EBB,1,-0.21,-0.09,59572.2,53956.6,35072,35.5,6.12,7.94,30.449,0.29
2024-10-15,EBB3,EBB,3,-0.23,-0.05,59539,53964.5,35077,35.51,6.12,7.93,30.408,0.27
2024-10-15,DB1,DB,1,0.1,-0.02,59632.1,53971,35081,35.51,6.84,8.02,30.492,1.22
2024-10-15,1YIC,YIC,1,-0.15,-0.07,59424.7,53842.9,34998,35.41,5.84,7.96,30.428,0.2
2024-10-15,3YIC,YIC,3,-0.14,-0.06,59382,53837.9,34995,35.41,5.89,7.96,30.392,0.21
2024-10-15,YIE3,YIE,3,-0.23,0.01,59513,53963.6,35076,35.51,5.68,7.99,30.384,0.45
2024-10-15,YIE1,YIE,1,0.18,0.05,59533.9,53970.3,35081,35.51,5.8,7.99,30.397,0.13
2024-10-15,GIE1,GIE,1,-0.2,-0.01,59779.3,54105.3,35168,35.61,6.1,8,30.491,0.01
2024-10-15,GIE3,GIE,3,-0.17,-0.02,59768.5,54108.2,35170,35.61,6.13,8,30.477,-0.03
2024-10-15,3GIC,GIC,3,-0.12,0,59357.5,53896.8,35033,35.46,6.25,8,30.305,0.05
2024-10-15,1GIC,GIC,1,0.26,0.13,59359.6,54252.6,35264,35.74,6.31,8.01,29.933,0.03
2024-10-15,TPBN1,TPBN,1,-0.22,-0.01,59356.9,53876.4,35020,35.44,5.69,7.96,30.326,0.07
2024-10-15,TPBN3,TPBN,3,-0.2,-0.03,59314.5,53868.2,35014,35.44,5.79,7.98,30.293,0.04
2024-10-15,GOE1,GOE,1,-0.08,0.01,59329.9,53852.1,35004,35.43,5.98,7.98,30.326,0.54
2024-10-15,RRS1,RRS,1,-0.12,-0.06,59475.8,53844.8,34999,35.41,6.05,7.96,30.476,0.65
2024-10-15,RRS3,RRS,3,-0.07,-0.07,59373.1,53829.9,34989,35.41,5.93,7.96,30.391,0.39
2024-10-15,RBA1,RBA,1,0.57,0.19,59554.4,53788.7,34963,35.37,6.43,8,30.612,0.57
2024-10-15,ML1,ML,1,-0.15,-0.02,59546.5,53853.1,35004,35.42,5.99,7.95,30.536,0.39
2024-10-15,ML3,ML,3,0.18,-0.04,59524,53913.4,35044,35.47,6.23,7.95,30.449,0.41
2024-10-15,GIA3,GIA,3,-0.15,-0.06,59114.6,53824.7,34986,35.41,5.68,7.97,30.144,0.19
2024-10-15,GIA1,GIA,1,1.44,-0.06,59211.7,53921.7,35049,35.48,6.03,7.98,30.146,0.21
2024-10-15,LBI1,LBI,1,-0.2,-0.04,59271.7,53850.6,35003,35.43,5.72,7.94,30.271,0.35
2024-10-15,LBI3,LBI,3,-0.2,-0.04,59240.6,53862.9,35011,35.44,5.78,7.93,30.227,0.26
2024-10-15,NBA1,NBA,1,-0.08,-0.06,59769,53871.4,35016,35.43,6,7.96,30.732,2.89
2024-10-15,NBA3,NBA,3,-0.09,-0.08,59775.1,53871.7,35017,35.43,6.04,7.96,30.737,0.33
2024-10-15,EC1,EC,1,-0.11,-0.1,59766.5,53983.1,35089,35.51,5.84,7.88,30.609,0.37
2024-10-15,NBRM1,NBRM,1,0.08,-0.08,59894,54006,35104,35.53,5.99,7.92,30.719,2.42
2024-10-15,NBRB1,NBRB,1,-0.03,-0.1,59873,53906.9,35039,35.45,6.11,7.9,30.794,0.13
2024-10-15,MRYC1,MRYC,1,-0.04,-0.1,59883.5,53887.1,35027,35.43,6.1,7.83,30.826,0.08
2024-09-16,BDB3,BDB,3,-0.16,0.01,61218.7,55164.5,35857,36.39,5.96,7.98,30.745,0.16
2024-09-16,BDB1,BDB,1,1.19,0.01,61285.8,55160.8,35855,36.38,6.09,7.98,30.814,0.52
2024-09-16,YRS1,YRS,1,0.34,-0.06,60854.9,55068.1,35794,36.32,6.5,8.06,30.502,0.43
2024-09-16,YIN3,YIN,3,-0.1,-0.05,60866.2,55105.3,35818,36.35,6.26,8.03,30.473,0.16
2024-09-16,YIN1,YIN,1,-0.08,0.01,60891.5,55102.3,35817,36.35,6.31,8.04,30.501,0.17
2024-09-16,FHB1,FHB,1,-0.16,-0.02,61114.8,55172.6,35862,36.4,6.14,7.99,30.639,0.55
2024-09-16,FHB3,FHB,3,-0.05,-0.06,61032.7,55161.5,35855,36.39,6.14,7.99,30.573,0.32
2024-09-16,EBB3,EBB,3,-0.16,-0.03,61199.6,55169.9,35860,36.39,6.72,8,30.722,0.29
2024-09-16,EBB1,EBB,1,0.31,-0.07,61228.8,55143.9,35844,36.37,6.62,8.02,30.777,0.36
2024-09-16,EBBW1,EBBW,1,-0.13,-0.09,61321.7,55187.1,35872,36.4,7.02,8.01,30.822,0.38
2024-09-16,EBBW3,EBBW,3,-0.12,-0.05,61208,55166.3,35858,36.39,6.56,8.02,30.732,0.44
2024-09-16,COV,COV,1,-0.16,-0.03,61450.8,55174.1,35863,36.39,7.29,8.04,30.956,1.67
2024-09-16,MRCH1,MRCH,1,0.23,0.53,61621.5,55240.3,35906,36.43,6.85,8,31.048,0.62
2024-09-16,DB1,DB,1,-0.19,-0.03,61096,55186.9,35871,36.41,6.66,7.98,30.606,0.7
2024-09-16,1YIC,YIC,1,-0.12,-0.02,60774.6,55083.5,35804,36.34,6.07,8.03,30.409,0.15
2024-09-16,3YIC,YIC,3,-0.22,-0.07,60761,55079.7,35802,36.34,6.14,8.03,30.4,0.08
2024-09-16,YIE3,YIE,3,-0.23,-0.01,60441.3,55026.5,35767,36.3,5.89,8.03,30.152,-0.09
2024-09-16,YIE1,YIE,1,-0.21,-0.03,60494.6,55032.3,35771,36.31,5.97,8.03,30.197,0.03
2024-09-16,GIE1,GIE,1,-0.13,0.02,60146.6,54964.4,35727,36.27,6.06,8.06,29.936,-0.09
2024-09-16,GIE3,GIE,3,-0.21,0,60128.4,54958.2,35723,36.26,6.15,8.06,29.925,-0.14
2024-09-16,3GIC,GIC,3,-0.11,0.04,60317.5,55028.6,35769,36.31,6.35,8.05,30.032,0.01
2024-09-16,1GIC,GIC,1,-0.15,0.04,60316.1,55024.4,35766,36.31,6.33,8.05,30.035,0.02
2024-09-16,TPBN1,TPBN,1,-0.11,-0.02,60522.3,55084.9,35805,36.35,5.63,8,30.168,0.37
2024-09-16,TPBN3,TPBN,3,-0.14,-0.05,60513.3,55085.1,35805,36.35,5.77,8.01,30.159,0.05
2024-09-16,GOE1,GOE,1,-0.16,-0.01,60665,55106.4,35819,36.36,5.77,7.98,30.281,0.21
2024-09-16,RRS1,RRS,1,-0.14,-0.04,60679.9,55070.3,35796,36.33,6.39,8.06,30.333,0.26
2024-09-16,RRS3,RRS,3,-0.12,-0.03,60641.5,55057.1,35787,36.32,6.39,8.08,30.311,0.36
2024-09-16,RBA1,RBA,1,0.2,-0.03,60946.8,55133.1,35836,36.37,6.4,8.04,30.52,0.36
2024-09-16,ML1,ML,1,-0.1,-0.07,60854.9,55056.6,35787,36.31,6.37,8.04,30.514,0.29
2024-09-16,ML3,ML,3,-0.05,-0.05,60674.1,55046.4,35780,36.31,6.16,8.04,30.353,0.27
2024-09-16,GIA3,GIA,3,-0.1,-0.02,60310.2,55084.6,35805,36.35,5.68,8.01,29.966,0.35
2024-09-16,GIA1,GIA,1,0.08,-0.03,60422.7,55082.9,35804,36.35,5.98,8.02,30.075,0.33
2024-09-16,LBI1,LBI,1,-0.17,-0.02,60149.5,55018,35762,36.31,5.46,8.01,29.884,0.17
2024-09-16,LBI3,LBI,3,-0.16,-0.01,60104,55017.9,35762,36.31,5.58,8.01,29.84,0.17
2024-09-16,NBA3,NBA,3,-0.11,-0.05,60825.9,54984.1,35740,36.26,6.26,8.03,30.562,0.01
2024-09-16,NBA1,NBA,1,-0.02,-0.08,60826.3,54981.7,35738,36.26,6.27,8.03,30.565,0.01
2024-09-16,EC1,EC,1,0.07,-0.11,60761.5,55062.9,35791,36.32,5.42,7.94,30.418,0.36
2024-09-16,NBRM1,NBRM,1,1.12,0.04,61413.9,54999.3,35750,36.25,5.8,7.93,31.106,7.14
2024-09-16,NBRB1,NBRB,1,0.24,-0.07,60920.7,54975.5,35734,36.25,4.66,7.86,30.662,3.1
2024-09-16,MRYC1,MRYC,1,0,-0.07,60775.6,54921.1,35699,36.21,6.15,7.84,30.581,0.28
2024-08-20,MRYC1,MRYC,1,-0.14,-0.06,61909.4,56103.5,36467,37.1,6.11,7.96,30.418,0.03
2024-08-20,EBB3,EBB,3,-0.12,-0.02,61288.4,55948.9,36367,37,5.83,7.95,29.997,0.26
2024-08-20,EBB1,EBB,1,-0.11,0.01,61302.9,55986.5,36391,37.03,5.95,7.92,29.981,0.24
2024-08-20,EBBW1,EBBW,1,-0.17,0.03,61239.4,55904.9,36338,36.97,6.92,8,29.996,0.47
2024-08-20,EBBW3,EBBW,3,-0.27,-0.01,61207.7,55903,36337,36.97,6.82,8,29.968,0.44
2024-08-20,COV,COV,1,-0.15,0.04,61298.5,55924.4,36351,36.98,6.47,7.97,30.031,0.41
2024-08-20,MRCH1,MRCH,1,-0.11,0,61260.8,55920.6,36348,36.98,5.83,7.92,30,0.13
2024-08-20,DB1,DB,1,-0.09,-0.04,61309.2,55983.5,36389,37.03,5.99,7.88,29.981,0.48
2024-08-20,FHB1,FHB,1,-0.15,0.01,61051.9,55881.6,36323,36.95,5.7,7.96,29.844,0.36
2024-08-20,FHB3,FHB,3,-0.14,0.03,61048.2,55882.7,36324,36.96,5.81,7.96,29.839,0.43
2024-08-20,YRS1,YRS,1,-0.1,-0.01,60991,55876,36319,36.95,5.84,8.01,29.793,0.08
2024-08-20,YIN1,YIN,1,-0.14,0.03,60989.2,55874.3,36318,36.95,5.9,7.99,29.793,0.06
2024-08-20,YIN3,YIN,3,-0.09,0.02,60983.3,55870.7,36316,36.95,5.93,7.99,29.791,0.1
2024-08-20,BDB3,BDB,3,-0.1,-0.05,61372.5,56011.3,36407,37.05,5.2,7.9,30.011,0.56
2024-08-20,BDB1,BDB,1,-0.04,-0.04,61361.2,55997.1,36398,37.04,5.3,7.88,30.015,0.46
2024-08-20,LDB1,LDB,1,-0.07,-0.06,61153.2,56010.3,36407,37.05,4.73,7.86,29.807,0.4
2024-08-20,LDB3,LDB,3,-0.03,-0.05,61122,56005.3,36403,37.05,4.89,7.86,29.783,0.63
2024-08-20,ML3,ML,3,-0.05,-0.11,61445,55974.7,36384,37.01,6.02,7.99,30.117,0.53
2024-08-20,ML1,ML,1,-0.07,-0.08,61550.9,55995.7,36397,37.03,6.13,7.98,30.194,0.44
2024-08-19,1YIC,YIC,1,-0.23,0,61154.9,55916,36345,36.98,6.31,8.06,29.905,-0.25
2024-08-19,3YIC,YIC,3,-0.19,-0.01,61154.6,55915.7,36345,36.98,6.31,8.06,29.905,-0.19
2024-08-19,YIE3,YIE,3,-0.17,0.03,61114.3,55900.1,36335,36.97,6.3,8.04,29.884,-0.12
2024-08-19,YIE1,YIE,1,-0.17,-0.02,61128,55903.4,36337,36.97,6.29,8.02,29.893,-0.21
2024-08-19,GIE1,GIE,1,-0.09,0.01,61319.7,56010.3,36407,37.05,5.97,7.98,29.963,-0.14
2024-08-19,GIE3,GIE,3,-0.12,-0.01,61341.1,56020.1,36413,37.05,6,7.98,29.973,-0.15
2024-08-19,3GIC,GIC,3,-0.19,-0.02,61477.7,56052,36434,37.07,5.59,7.97,30.068,-0.06
2024-08-19,1GIC,GIC,1,-0.15,0,61469.7,56052.1,36434,37.07,5.61,7.96,30.06,-0.12
2024-08-19,GOE1,GOE,1,-0.08,-0.01,61874.6,56172.7,36512,37.16,6.07,7.95,30.315,0.34
2024-08-19,TPBN3,TPBN,3,-0.14,0.01,61538.6,56084.3,36455,37.1,5.82,7.98,30.092,-0.02
2024-08-19,TPBN1,TPBN,1,-0.15,-0.01,61550.8,56082.7,36454,37.1,5.94,7.97,30.105,0.05
2024-08-19,RRS1,RRS,1,-0.07,-0.07,61795.9,56128,36483,37.12,6.18,7.98,30.288,0.03
2024-08-19,RRS3,RRS,3,0.04,-0.11,61779.6,56134.7,36488,37.13,6.18,7.97,30.265,0.19
2024-08-19,RBA1,RBA,1,-0.06,-0.04,61921.3,56150.9,36498,37.14,6.29,7.98,30.38,0.1
2024-08-19,GIA1,GIA,1,-0.01,-0.09,61871.3,56169.4,36510,37.15,6.14,7.96,30.315,0.17
2024-08-19,GIA3,GIA,3,-0.11,-0.1,61849.7,56169.8,36510,37.15,6.16,7.96,30.294,0.25
2024-08-19,LBI3,LBI,3,-0.09,-0.06,61740.8,56187,36522,37.17,6.08,7.97,30.174,0.21
2024-08-19,LBI1,LBI,1,-0.12,-0.05,61855,56199.6,36530,37.18,6.1,7.95,30.269,0.23
2024-08-19,NBA1,NBA,1,-0.04,-0.06,61972,56195,36527,37.17,6.17,7.97,30.383,0.1
2024-08-19,NBA3,NBA,3,-0.07,-0.09,61964.8,56198.2,36529,37.17,6.18,7.97,30.372,0.1
2024-08-19,EC1,EC,1,-0.08,-0.06,62114.3,56370.2,36641,37.3,5.48,7.85,30.335,0.52
2024-08-19,NBRM1,NBRM,1,0.69,0.44,62950,56406,36664,37.3,5.58,7.8,31.074,6.32
2024-08-19,NBRB1,NBRB,1,-0.12,-0.09,62151.5,56217.6,36541,37.18,6.26,7.92,30.526,0.45
2024-07-08,MRYC1,MRYC,1,0.05,-0.01,61459.5,56300.1,36595,37.27,5.82,8.05,29.798,0.19
2024-07-08,ML3,ML,3,-0.07,0.03,61471.1,56270.1,36576,37.25,6.11,8.03,29.839,0.34
2024-07-08,ML1,ML,1,-0.12,0.06,61425.6,56253.4,36565,37.23,6.1,8.04,29.814,0.36
2024-07-08,LDB1,LDB,1,-0.09,0.02,60905.8,55818.2,36282,36.91,4.09,7.82,29.772,0.91
2024-07-08,LDB3,LDB,3,-0.08,0.01,60795.1,55849.9,36302,36.94,4.18,7.87,29.636,0.81
2024-07-08,BDB3,BDB,3,-0.06,-0.06,60635.9,55808.1,36275,36.91,4.37,7.86,29.529,1.48
2024-07-08,BDB1,BDB,1,-0.04,-0.04,60658.3,55799.7,36270,36.9,4.5,7.87,29.559,1.15
2024-07-08,YRS1,YRS,1,-0.17,0.05,61058.9,56045.5,36430,37.08,6.06,8.05,29.683,0.62
2024-07-08,YIN3,YIN,3,-0.16,0.01,60996.7,56033.8,36422,37.08,5.64,8.01,29.637,0.42
2024-07-08,YIN1,YIN,1,-0.1,0.04,61039.4,56041.4,36427,37.08,5.77,8.01,29.669,0.45
2024-07-08,FHB1,FHB,1,-0.15,-0.01,60675.3,55834.6,36292,36.93,5.15,7.94,29.539,0.44
2024-07-08,FHB3,FHB,3,-0.15,0.02,60812.6,55913.6,36344,36.99,5.58,7.98,29.587,0.55
2024-07-08,EBB3,EBB,3,-0.16,0.08,61013.2,55967,36379,37.02,6.86,8.02,29.721,0.93
2024-07-08,EBB1,EBB,1,-0.02,0.05,61003.2,56099.4,36465,37.13,6.71,8.02,29.577,0.72
2024-07-08,EBBW1,EBBW,1,-0.11,0.03,60966.4,55961.1,36375,37.02,6.56,8,29.683,0.63
2024-07-08,EBBW3,EBBW,3,-0.16,0.01,60946.1,55957.9,36373,37.02,6.51,8.01,29.667,0.76
2024-07-08,COV,COV,1,-0.11,0.1,61076,55982.8,36389,37.03,6.72,8,29.763,1.21
2024-07-08,MRCH1,MRCH,1,-0.1,0.02,60996.7,55974.8,36384,37.03,6.2,8,29.697,0.58
2024-07-08,DB1,DB,1,-0.1,0.07,60977.8,55992.4,36395,37.04,6.46,7.99,29.662,0.89
2024-07-08,GIE1,GIE,1,-0.13,0.01,61164.8,56175.5,36514,37.18,5.87,8.04,29.65,0.29
2024-07-08,GIE3,GIE,3,0.09,-0.03,61155.1,56180.8,36518,37.19,6.04,8.06,29.638,0.28
2024-07-08,YIE3,YIE,3,-0.18,-0.01,60876.6,56182.8,36519,37.2,5.88,8.09,29.374,0.08
2024-07-08,YIE1,YIE,1,-0.16,-0.01,60874.2,56181.9,36518,37.2,5.91,8.09,29.373,0.06
2024-07-08,GOE1,GOE,1,-0.11,-0.01,60469.7,55857.8,36308,36.96,5.32,7.99,29.323,0.65
2024-07-08,TPBN3,TPBN,3,-0.13,0,60950.4,56090.3,36459,37.12,5.8,8.02,29.537,0.33
2024-07-08,TPBN1,TPBN,1,0.02,-0.02,60951,56091.7,36460,37.12,5.85,8.02,29.536,0.39
2024-07-08,RRS1,RRS,1,-0.11,0,60896.9,56091,36459,37.12,5.87,8.03,29.486,0.62
2024-07-08,RRS3,RRS,3,-0.1,-0.02,61060.9,56177.3,36515,37.19,5.95,8.06,29.551,0.45
2024-07-08,RBA1,RBA,1,0.01,-0.05,61002.7,56135.8,36488,37.16,5.7,8.01,29.539,0.63
2024-07-08,GIA1,GIA,1,-0.16,-0.02,60474.1,55972.2,36382,37.04,5.18,7.98,29.211,0.42
2024-07-08,GIA3,GIA,3,-0.04,-0.03,60583.5,56020.6,36413,37.08,5.39,8,29.265,0.38
2024-07-08,LBI3,LBI,3,-0.14,-0.03,60622.8,56052.7,36434,37.1,5.11,7.98,29.269,0.23
2024-07-08,LBI1,LBI,1,-0.13,-0.03,60628.1,56048.6,36432,37.1,5.21,7.98,29.278,0.26
2024-07-08,NBA1,NBA,1,-0.06,-0.06,61135.9,56205.7,36534,37.21,6.07,8.04,29.593,0.29
2024-07-08,NBA3,NBA,3,-0.05,-0.08,61138.7,56208.8,36536,37.21,6.07,8.04,29.592,0.32
2024-07-08,EC1,EC,1,0,-0.09,60926.1,56118,36477,37.14,4.66,7.88,29.484,0.35
2024-07-08,NBRM1,NBRM,1,0.17,-0.09,61225,56111.8,36473,37.13,4.64,7.77,29.771,3.69
2024-07-08,NBRB1,NBRB,1,0.15,-0.1,60318.7,55741.9,36232,36.87,2.69,7.65,29.299,1.77
2024-06-03,MRYC1,MRYC,1,0.22,-0.1,61607.5,55993.2,36396,37.02,6.48,8.07,30.25,0.22
2024-06-03,LDB3,LDB,3,-0.13,-0.02,62284.7,56094.3,36461,37.08,7.38,8.08,30.778,1.07
2024-06-03,LDB1,LDB,1,-0.1,-0.02,62686.3,56143.4,36493,37.1,7.32,8.07,31.102,1.26
2024-06-03,BDB1,BDB,1,-0.1,-0.08,61396.3,55949.6,36367,37,6.72,8.06,30.097,0.27
2024-06-03,BDB3,BDB,3,-0.07,-0.1,61351.3,55937.1,36359,36.99,6.65,8.07,30.068,0.29
2024-06-03,YRS1,YRS,1,0.27,-0.04,61175.9,55954,36370,37.01,6.36,8.03,29.886,0.09
2024-06-03,YIN1,YIN,1,0,-0.11,61280.5,55974.1,36383,37.02,6.25,8.02,29.964,0.17
2024-06-03,YIN3,YIN,3,0.08,-0.1,61263.6,55967.2,36379,37.01,6.19,8.03,29.955,0.2
2024-06-03,FHB3,FHB,3,-0.16,0.06,61395.4,55901.8,36336,36.96,7.19,8.06,30.146,0.62
2024-06-03,FHB1,FHB,1,-0.05,0.07,61530.1,55982.2,36388,37.02,6.96,8.05,30.189,0.68
2024-06-03,EBB3,EBB,3,-0.15,0.04,61274.3,55828.8,36289,36.91,6.72,8.12,30.107,0.48
2024-06-03,EBB1,EBB,1,-0.12,0.04,61263.9,55824.5,36286,36.9,6.55,8.13,30.101,0.46
2024-06-03,EBBW3,EBBW,3,-0.1,0.05,61283.2,55828.6,36289,36.9,6.94,8.12,30.115,0.81
2024-06-03,EBBW1,EBBW,1,-0.05,0.07,61269.5,55821.4,36284,36.9,6.79,8.09,30.11,0.71
2024-06-03,COV,COV,1,-0.16,0.09,61181.7,55805.8,36274,36.89,6.57,8.11,30.044,0.16
2024-06-03,GEB,GEB,1,-0.14,0.1,61168.7,55812.8,36278,36.9,6.77,8.09,30.024,0.56
2024-06-03,DB1,DB,1,-0.15,0.01,61180.3,55832.7,36291,36.91,6.61,8.11,30.015,1.17
2024-06-03,YIE3,YIE,3,-0.13,0,60932,55864.1,36312,36.94,6.41,8.03,29.75,0.05
2024-06-03,YIE1,YIE,1,-0.15,0,60944.3,55862.1,36310,36.94,6.32,8.01,29.763,0.03
2024-06-03,GIE1,GIE,1,-0.11,-0.02,60691.5,55905.8,36339,36.99,6.07,8.05,29.482,-0.19
2024-06-03,GIE3,GIE,3,-0.14,-0.04,60695.4,55909.4,36341,36.99,6.05,8.04,29.482,-0.17
2024-06-03,TPBN1,TPBN,1,-0.07,-0.04,61419.9,56020,36413,37.05,6.61,8.05,30.047,0.1
2024-06-03,TPBN3,TPBN,3,-0.04,-0.02,61424,56020.4,36413,37.05,6.59,8.04,30.05,0.12
2024-06-03,GOE1,GOE,1,-0.25,-0.03,62810.7,56098.6,36464,37.06,7.85,8.15,31.264,0.74
2024-06-03,RRS3,RRS,3,-0.11,-0.04,61473.5,56016.8,36411,37.05,6.57,8.04,30.1,0.26
2024-06-03,RRS1,RRS,1,0,-0.06,61440.6,56006.8,36404,37.04,6.3,8,30.08,0.26
2024-06-03,RBA1,RBA,1,-0.04,0.01,62276,56101.5,36466,37.09,7.37,8.13,30.762,0.57
2024-06-03,ML3,ML,3,0,-0.03,61610,56029.5,36419,37.05,6.47,8.05,30.215,0.19
2024-06-03,ML1,ML,1,0.19,-0.04,61631.7,56033.4,36422,37.05,6.33,8.02,30.231,0.18
2024-06-03,GIA1,GIA,1,-0.05,0,61451,56034.5,36422,37.06,6.6,8.05,30.061,0.08
2024-06-03,GIA3,GIA,3,-0.05,-0.05,61432.7,56030.4,36420,37.06,6.5,8.05,30.048,0.15
2024-06-03,LBI3,LBI,3,-0.12,0.01,61452.4,56069.1,36445,37.09,7.12,8.05,30.027,0.09
2024-06-03,LBI1,LBI,1,-0.15,0.03,61499.9,56071.5,36446,37.09,7.06,8.02,30.069,0.09
2024-06-03,NBA1,NBA,1,0.05,-0.04,61691.9,56010.6,36407,37.03,6.23,8.04,30.311,-0.02
2024-06-03,NBA3,NBA,3,0.11,-0.07,61690.1,56014,36409,37.04,6.16,8.04,30.306,0.01
2024-06-03,EC1,EC,1,0.03,-0.06,62007.6,56161.5,36505,37.14,7.05,8.08,30.45,0.42
2024-06-03,NBRM1,NBRM,1,0.61,-0.07,61914.7,55755.7,36241,36.83,6.41,7.99,30.783,3.15
2024-06-03,NBRB1,NBRB,1,-0.05,-0.06,62444.5,56001.6,36401,37,7.93,8.08,31.024,-0.05
2024-04-29,MRYC1,MRYC,1,-0.03,-0.02,61970.2,56554.3,36760,37.45,6.46,7.98,30.014,0.22
2024-04-29,LDB3,LDB,3,-0.09,0.09,61184.5,56386.8,36651,37.35,7.22,7.96,29.451,0.13
2024-04-29,LDB1,LDB,1,-0.14,0.12,61575.3,56452.1,36694,37.39,7.1,7.94,29.751,0.24
2024-04-29,BDB1,BDB,1,-0.14,0.05,61315,56424.9,36676,37.37,6.12,7.9,29.545,0.13
2024-04-29,BDB3,BDB,3,-0.15,0.01,60961.1,56375.8,36644,37.34,6.12,7.9,29.256,0
2024-04-29,YRS1,YRS,1,-0.09,0.02,60596.9,56355.4,36631,37.34,6.28,7.89,28.94,-0.08
2024-04-29,YIN1,YIN,1,-0.07,-0.01,60618.1,56351,36628,37.34,5.96,7.91,28.965,-0.14
2024-04-29,YIN3,YIN,3,-0.02,-0.03,60505.4,56344.5,36624,37.33,5.95,7.9,28.866,-0.03
2024-04-29,FHB3,FHB,3,-0.11,0.06,61015.7,56413.6,36669,37.37,6.75,7.9,29.269,0.01
2024-04-29,FHB1,FHB,1,-0.14,0.06,61101.5,56429,36679,37.38,6.7,7.88,29.335,0.04
2024-04-29,EBB1,EBB,1,-0.11,0.06,61540,56471.8,36707,37.4,7.49,7.95,29.699,0.25
2024-04-29,EBB3,EBB,3,-0.16,0.1,60876.3,56430.9,36680,37.39,7.17,7.91,29.124,0
2024-04-29,EBBW3,EBBW,3,-0.13,0.12,60665,56328.2,36613,37.32,7.22,7.94,29.031,-0.08
2024-04-29,EBBW1,EBBW,1,-0.1,0.13,60817.2,56369.1,36640,37.34,7.25,7.94,29.132,-0.03
2024-04-29,COV,COV,1,0.05,0.08,61303.7,56378,36646,37.34,6.86,7.94,29.574,-0.03
2024-04-29,GEB,GEB,1,1.68,3.3,62199.3,56456,36696,37.37,6.73,7.88,30.326,0.67
2024-04-29,MRCH1,MRCH,1,-0.11,0.05,61191.9,56407.2,36665,37.36,6.57,7.91,29.441,-0.01
2024-04-29,DB1,DB,1,-0.03,-0.04,60657,56447,36691,37.41,6.49,7.9,28.905,0.54
2024-04-29,YIE1,YIE,1,-0.14,0.04,60211.7,56200.5,36530,37.23,5.95,7.91,28.737,-0.21
2024-04-29,YIE3,YIE,3,-0.15,0.02,60195,56216.3,36541,37.24,5.94,7.9,28.705,-0.19
2024-04-29,GIE3,GIE,3,-0.07,0,60053.1,56186.4,36521,37.23,6.14,7.93,28.603,-0.16
2024-04-29,GIE1,GIE,1,-0.08,-0.01,60103.2,56185.2,36520,37.22,6.08,7.94,28.651,-0.17
2024-04-29,TPBN3,TPBN,3,-0.08,-0.01,60065.6,56214.2,36539,37.25,6.08,7.93,28.587,-0.14
2024-04-29,TPBN1,TPBN,1,-0.16,0.05,60345.7,56233.4,36552,37.25,6.38,7.92,28.829,NA
2024-04-29,GOE1,GOE,1,-0.1,0.03,60528.2,56341.9,36622,37.33,5.93,7.89,28.89,0.23
2024-04-29,RRS3,RRS,3,-0.01,0.01,60338.7,56304.2,36598,37.31,6.4,7.95,28.752,0.08
2024-04-29,RRS1,RRS,1,-0.04,0.03,60536.7,56351.2,36628,37.34,6.7,7.96,28.886,0.11
2024-04-29,RBA1,RBA,1,-0.05,-0.04,60517.5,56299.6,36595,37.3,6.29,7.95,28.922,0.17
2024-04-29,ML3,ML,3,-0.06,-0.01,60415.6,56335.5,36618,37.33,6.27,7.95,28.792,0.13
2024-04-29,ML1,ML,1,0,-0.01,61047.7,56429.5,36679,37.38,6.79,7.97,29.285,0.2
2024-04-29,GIA1,GIA,1,-0.09,0.04,60673.3,56378.2,36646,37.36,6.21,7.89,28.989,0.12
2024-04-29,GIA3,GIA,3,-0.05,0.04,60427.8,56379.6,36647,37.36,6.01,7.87,28.759,0.12
2024-04-29,LBI3,LBI,3,-0.04,-0.05,60383.6,56361.2,36635,37.35,6.27,7.92,28.735,0.12
2024-04-29,LBI1,LBI,1,-0.1,-0.02,60579.3,56382.2,36648,37.36,6.32,7.88,28.897,0.17
2024-04-29,NBA1,NBA,1,-0.11,0.01,60814.4,56431.2,36680,37.39,6.33,7.94,29.067,-0.06
2024-04-29,NBA3,NBA,3,-0.05,-0.01,60783.8,56445.6,36690,37.41,6.29,7.93,29.024,-0.03
2024-04-29,EC1,EC,1,-0.08,-0.03,61044.2,56520.3,36738,37.46,5.94,7.9,29.191,0.22
2024-04-29,NBRM1,NBRM,1,0.03,-0.04,61302.5,56548.7,36757,37.47,5.87,7.91,29.401,1.05
2024-04-29,NBRB1,NBRB,1,-0.09,-0.03,61128.1,56494,36721,37.43,6.19,7.85,29.295,0.08
2024-04-03,MRYC1,MRYC,1,0.06,-0.03,60060.6,56492.9,36720,37.47,7.01,8.12,28.306,0.26
2024-04-03,LDB1,LDB,1,-0.11,-0.03,59731.5,56373.7,36643,37.38,7.09,8.1,28.119,0.26
2024-04-03,LDB3,LDB,3,-0.04,-0.02,59723.8,56395.2,36657,37.4,6.88,8.13,28.09,0.25
2024-04-03,BDB3,BDB,3,-0.11,-0.04,59530,56362,36635,37.38,6.63,8.06,27.943,0.35
2024-04-03,BDB1,BDB,1,-0.1,-0.04,59631.6,56370,36640,37.38,6.86,8.07,28.029,0.37
2024-04-03,YRS1,YRS,1,-0.12,-0.02,59433.6,56311.3,36602,37.34,6.86,8.11,27.904,0.27
2024-04-03,YIN3,YIN,3,-0.11,-0.04,59250.6,56313.9,36604,37.35,6.28,8.05,27.73,0.26
2024-04-03,YIN1,YIN,1,-0.12,-0.07,59301,56313.5,36604,37.35,6.34,8.05,27.778,0.26
2024-04-03,FHB1,FHB,1,-0.07,-0.04,59465.5,56348,36626,37.37,7.25,8.09,27.896,0.72
2024-04-03,FHB3,FHB,3,-0.13,-0.03,59473.9,56354.5,36630,37.37,7.11,8.1,27.898,0.7
2024-04-03,EBB3,EBB,3,-0.11,-0.01,59438,56378.3,36646,37.39,6.82,8.06,27.841,0.59
2024-04-03,EBB1,EBB,1,0,-0.04,59468.4,56377.4,36645,37.39,6.8,8.07,27.87,0.56
2024-04-03,EBBW1,EBBW,1,-0.13,-0.02,59508.5,56371.4,36641,37.39,7.17,8.08,27.914,0.4
2024-04-03,EBBW3,EBBW,3,-0.17,-0.03,59452.6,56387.5,36652,37.4,6.9,8.08,27.846,0.56
2024-04-03,MRCH1,MRCH,1,-0.03,-0.04,59718,56365.2,36637,37.38,6.96,8.07,28.114,0.56
2024-04-03,COV,COV,1,0.05,-0.03,59777.7,56376.4,36645,37.38,6.83,8.09,28.159,0.39
2024-04-03,GEB,GEB,1,-0.09,-0.04,59788.6,56411.2,36667,37.41,6.85,8.05,28.135,0.5
2024-04-03,DB1,DB,1,-0.08,-0.04,59318.2,56325.4,36611,37.36,6.91,8.03,27.782,1.31
2024-04-03,YIE1,YIE,1,-0.01,-0.06,59313.2,56309.4,36601,37.34,6.29,8.02,27.793,0.26
2024-04-03,YIE3,YIE,3,-0.05,-0.04,59307.4,56318.3,36607,37.35,6.28,8.01,27.779,0.12
2024-04-03,GIE1,GIE,1,0.03,0.05,59204.4,56204.2,36533,37.27,6.22,8.07,27.795,3.33
2024-04-03,GIE3,GIE,3,0.01,-0.05,59204.4,56203.2,36532,37.26,6.26,8.09,27.796,-0.08
2024-04-03,GOE1,GOE,1,-0.05,-0.03,59403.7,56376.5,36645,37.39,6.52,8.07,27.811,0.17
2024-04-03,TPBN1,TPBN,1,-0.09,-0.04,59240.4,56339.6,36621,37.37,6.39,8.07,27.696,0.08
2024-04-03,TPBN3,TPBN,3,-0.15,-0.02,59229.6,56343.5,36623,37.37,6.39,8.1,27.682,0.12
2024-04-03,RRS3,RRS,3,-0.02,-0.03,59355.7,56352.3,36629,37.38,6.62,8.08,27.79,0.31
2024-04-03,RRS1,RRS,1,0.2,-0.03,59316.5,56345.6,36625,37.37,6.59,8.08,27.761,0.23
2024-04-03,RBA1,RBA,1,-0.08,-0.04,59480,56400.7,36660,37.41,6.65,8.14,27.858,0.49
2024-04-03,ML3,ML,3,0.06,-0.05,59519.2,56416.4,36671,37.42,6.52,8.09,27.879,0.43
2024-04-03,ML1,ML,1,0.02,-0.03,59506.1,56412.4,36668,37.42,6.51,8.09,27.871,0.5
2024-04-03,GIA1,GIA,1,-0.09,-0.07,59047.7,56351.5,36628,37.38,6.28,8.02,27.505,0.33
2024-04-03,GIA3,GIA,3,-0.2,-0.11,59043.6,56352,36629,37.38,6.27,8.03,27.501,0.36
2024-04-03,LBI3,LBI,3,-0.02,-0.05,59032,56331.7,36616,37.37,6.13,8.05,27.51,0.47
2024-04-03,LBI1,LBI,1,0.21,-0.06,59085.9,56324.1,36611,37.36,6.37,8.06,27.567,0.4
2024-04-03,NBA1,NBA,1,-0.04,-0.06,59289.5,56382.6,36649,37.4,6.48,8.09,27.699,0.39
2024-04-03,NBA3,NBA,3,-0.03,-0.04,59269.6,56378.3,36646,37.4,6.48,8.11,27.685,0.39
2024-04-03,EC1,EC,1,-0.07,-0.06,59344.6,56567.7,36769,37.54,6.17,7.93,27.57,0.5
2024-04-03,NBRM1,NBRM,1,0.09,-0.06,59430.8,56600.9,36791,37.57,6.15,8.01,27.618,2.48
2024-04-03,NBRB1,NBRB,1,0.03,-0.03,59295.4,56491,36719,37.49,6.53,7.97,27.599,1.02
2024-03-11,MRCH1,MRCH,1,0.14,0.06,59022.9,56239.4,36556,37.3,6.62,8.01,27.591,5.33
2024-03-07,CPN1,CPN,1,-0.04,-0.02,58500.9,55978.6,36386,37.11,6.87,8.1,27.359,2.59
2024-03-07,CPN3,CPN,3,-0.07,-0.06,58529.9,56012.7,36408,37.13,6.76,8.09,27.353,-0.08
2024-03-07,CAD3,CAD,3,0.12,-0.04,58455.6,55999.5,36400,37.13,6.64,8.11,27.296,-0.14
2024-03-07,CAD1,CAD,1,0.02,-0.03,58449.2,56073.2,36448,37.18,6.6,8.09,27.219,-0.19
2024-03-07,PRP1,PRP,1,-0.07,-0.01,58472.7,55992,36395,37.12,6.72,8.07,27.32,-0.15
2024-03-07,PRP3,PRP,3,-0.05,0.01,58469.6,55992.8,36395,37.12,6.66,8.09,27.316,-0.13
2024-03-07,PIL3,PIL,3,-0.13,-0.03,58341.1,55994,36396,37.13,6.44,8.06,27.195,-0.27
2024-03-07,PIL1,PIL,1,-0.09,-0.02,58384.7,56004.6,36403,37.13,6.44,8.02,27.225,-0.25
2024-03-06,MRYC1,MRYC,1,0.09,-0.06,59047,56201.8,36531,37.27,6.66,8.07,27.65,0.26
2024-03-06,LDB3,LDB,3,-0.11,-0.03,58988.7,56165.9,36508,37.24,7.7,8.1,27.629,0.51
2024-03-06,LDB1,LDB,1,-0.1,-0.05,59186.4,56187.9,36522,37.25,7.37,8.07,27.794,0.58
2024-03-06,BDB1,BDB,1,-0.07,-0.06,58720,56141.3,36492,37.23,6.57,8.04,27.405,0.37
2024-03-06,BDB3,BDB,3,-0.06,-0.04,58715.6,56143.5,36493,37.23,6.41,8.04,27.399,0.41
2024-03-06,YRS1,YRS,1,-0.11,-0.04,58712.6,56118.4,36477,37.21,7.12,8.07,27.42,0.19
2024-03-06,YIN1,YIN,1,-0.16,-0.05,58621.6,56104.8,36468,37.2,6.93,8.08,27.349,0.29
2024-03-06,YIN3,YIN,3,-0.11,-0.05,58627.1,56107.3,36470,37.21,6.78,8.08,27.351,0.41
2024-03-06,FHB3,FHB,3,-0.06,-0.04,58518.8,56141,36492,37.23,6.79,8.07,27.218,0.77
2024-03-06,FHB1,FHB,1,0.32,-0.04,58540.9,56138.8,36490,37.23,6.74,8.07,27.24,0.63
2024-03-06,EBB1,EBB,1,-0.16,-0.02,58980.1,56180.5,36517,37.25,7.64,8.11,27.609,0.45
2024-03-06,EBB3,EBB,3,-0.08,-0.03,58926,56182.7,36519,37.26,7.51,8.1,27.557,0.47
2024-03-06,EBBW3,EBBW,3,-0.12,0,58726.7,56155.9,36501,37.24,7.47,8.07,27.397,0.42
2024-03-06,EBBW1,EBBW,1,-0.13,-0.07,58921.2,56166.7,36508,37.24,7.78,8.09,27.568,0.52
2024-03-06,COV,COV,1,0.27,0.01,58928.4,56135.1,36488,37.22,6.67,8.08,27.605,0.7
2024-03-06,MRCH1,MRCH,1,-0.1,-0.02,59075,56183.3,36519,37.25,6.97,8.06,27.695,0.92
2024-03-06,DB1,DB,1,-0.06,-0.02,58724.9,56177.1,36515,37.26,7.23,8.07,27.375,1.04
2024-03-06,YIE1,YIE,1,-0.18,-0.03,58356.8,55998.2,36399,37.13,6.42,8.11,27.205,-0.08
2024-03-06,YIE3,YIE,3,-0.08,-0.01,58355.5,56001.3,36401,37.13,6.38,8.1,27.201,-0.06
2024-03-06,GIE1,GIE,1,-0.01,0.06,58341.9,55992.2,36395,37.12,6.42,8.11,27.197,-0.01
2024-03-06,GIE3,GIE,3,-0.09,-0.02,58344.8,55989.9,36393,37.12,6.36,8.11,27.202,-0.1
2024-03-06,TPBN3,TPBN,3,-0.07,-0.02,58336.1,56061.7,36440,37.18,6.74,8.08,27.124,0.25
2024-03-06,TPBN1,TPBN,1,-0.06,-0.03,58367.5,56068.6,36445,37.18,6.66,8.07,27.147,0.23
2024-03-06,GOE1,GOE,1,-0.14,0.02,58621,56112,36473,37.21,7.01,8.1,27.341,0.65
2024-03-06,RRS3,RRS,3,-0.09,0.01,58274.6,56054.6,36435,37.17,6.57,8.09,27.074,0.12
2024-03-06,RRS1,RRS,1,0,-0.04,58275.4,56051.8,36434,37.17,6.56,8.08,27.077,0.22
2024-03-06,RBA1,RBA,1,-0.02,-0.02,58643.1,56144.1,36494,37.23,7.82,8.13,27.33,0.83
2024-03-06,ML3,ML,3,0.1,0,58236.7,56086.8,36456,37.2,6.3,8.05,27.007,0.37
2024-03-06,ML1,ML,1,0.12,-0.05,58254.7,56095.8,36462,37.21,6.1,8.04,27.015,0.38
2024-03-06,GIA1,GIA,1,0.07,-0.04,58362.5,56106.3,36469,37.21,6.51,8.08,27.106,0.46
2024-03-06,GIA3,GIA,3,0.23,-0.06,58269.3,56092.8,36460,37.2,6.44,8.1,27.032,0.57
2024-03-06,LBI3,LBI,3,0.09,-0.02,58294.3,56112.9,36473,37.22,6.32,8.06,27.035,0.46
2024-03-06,LBI1,LBI,1,0.12,-0.02,58302.3,56104.6,36468,37.21,6.14,8.02,27.051,0.48
2024-03-06,NBA1,NBA,1,0.06,-0.03,58479.6,56109.2,36471,37.21,6.64,8.08,27.212,0.18
2024-03-06,NBA3,NBA,3,0.02,-0.01,58466.3,56110.1,36472,37.21,6.34,8.07,27.199,0.25
2024-03-06,EC1,EC,1,0.06,-0.03,58501.7,56282.2,36583,37.35,5.96,8.01,27.065,0.48
2024-03-06,NBRM1,NBRM,1,0.32,0,58856.6,56309.7,36601,37.36,6.04,8.04,27.368,2.26
2024-03-06,NBRB1,NBRB,1,0.1,-0.02,58504.7,56169.8,36510,37.26,6.68,8.05,27.176,0.09
2024-03-05,BI1,BI,1,0.06,-0.04,58864.8,56069.8,36445,37.17,6.64,8.04,27.61,0.23
2024-03-05,BI3,BI,3,0.07,-0.02,58837.3,56066.3,36443,37.17,6.62,8.02,27.588,0.21
2024-03-05,HG1,HG,1,-0.08,-0.04,58617.6,56022.8,36415,37.14,6.77,8.02,27.425,0.04
2024-03-05,GBI1,GBI,1,-0.06,-0.04,58559.4,56011.2,36407,37.13,7.06,8.04,27.382,0.04
2024-03-05,GBI3,GBI,3,-0.12,-0.04,58569.9,56014.3,36409,37.13,6.85,8,27.388,0.07
2024-02-09,MRYC1,MRYC,1,0.22,-0.05,57127.3,55172.7,35862,36.52,5.84,8.01,26.855,0.2
2024-02-09,LDB1,LDB,1,-0.04,-0.04,57740,55458.3,36048,36.73,5.44,7.99,27.154,-0.26
2024-02-09,LDB3,LDB,3,-0.08,-0.04,57325.7,55372.2,35992,36.67,5.59,8.02,26.847,0.15
2024-02-09,BDB3,BDB,3,-0.06,-0.04,57436.9,55429.3,36029,36.71,5.75,8.01,26.895,-0.23
2024-02-09,BDB1,BDB,1,-0.05,0,57699.7,55480.8,36063,36.74,5.86,8.01,27.094,-0.28
2024-02-09,YRS1,YRS,1,-0.06,0.03,57536.5,55388.5,36003,36.68,6.35,8,27.031,-0.44
2024-02-09,YIN3,YIN,3,-0.13,-0.03,57502.6,55475,36059,36.75,5.49,8,26.914,-0.32
2024-02-09,YIN1,YIN,1,-0.12,0.02,57546.2,55473.7,36058,36.74,5.63,8,26.956,-0.35
2024-02-09,FHB1,FHB,1,-0.2,-0.02,57167,55403.9,36013,36.7,5.22,7.97,26.666,-0.26
2024-02-09,FHB3,FHB,3,-0.16,-0.01,57144.2,55459.3,36049,36.74,4.99,7.97,26.591,0.08
2024-02-09,EBBW3,EBBW,3,-0.2,0.08,57632.3,55658.7,36178,36.88,5.63,8.02,26.855,-0.3
2024-02-09,EBBW1,EBBW,1,-0.12,0.02,57955.7,55689,36198,36.9,6.05,8.04,27.131,-0.4
2024-02-09,COV,COV,1,-0.16,-0.01,57409.3,55513,36083,36.78,5.81,7.98,26.788,-0.28
2024-02-09,GEB,GEB,1,-0.01,0.04,57189.6,55388.3,36002,36.69,5.73,7.98,26.703,1.39
2024-02-09,MRCH1,MRCH,1,-0.17,0.01,57214.7,55375.8,35994,36.68,5.53,7.97,26.74,0.34
2024-02-09,DB1,DB,1,-0.14,0,57806.7,55575.4,36124,36.82,6.86,8.04,27.103,-0.13
2024-02-09,EBB1,EBB,1,-0.19,-0.03,57644.9,55608.4,36145,36.85,5.61,8,26.917,-0.3
2024-02-09,EBB3,EBB,3,-0.18,-0.03,57627.8,55665.4,36183,36.89,5.69,8,26.846,-0.33
2024-02-09,YIE3,YIE,3,-0.12,-0.06,57575.3,55523.1,36090,36.78,5.44,8,26.935,-0.42
2024-02-09,YIE1,YIE,1,-0.13,-0.06,57633.8,55517.3,36086,36.78,5.6,7.98,26.996,-0.44
2024-02-09,GIE1,GIE,1,-0.11,-0.04,57477.8,55430.2,36030,36.71,5.69,8.02,26.934,-0.51
2024-02-09,GIE3,GIE,3,-0.13,-0.01,57395.5,55429.3,36029,36.71,5.67,8.01,26.857,-0.54
2024-02-09,TPBN3,TPBN,3,-0.11,0.01,57347.5,55447.4,36041,36.73,5.71,7.99,26.794,-0.46
2024-02-09,TPBN1,TPBN,1,-0.11,-0.06,57292.6,55426.3,36027,36.71,5.81,7.98,26.763,-0.46
2024-02-09,GOE1,GOE,1,-0.17,-0.03,56212.7,55021.7,35764,36.43,5.02,7.95,26.134,0.21
2024-02-09,RRS3,RRS,3,-0.05,-0.03,57395.5,55422,36024,36.71,5.75,8.01,26.864,-0.18
2024-02-09,RRS1,RRS,1,0.11,-0.04,57279.8,55357.6,35982,36.66,5.81,7.98,26.818,-0.13
2024-02-09,RBA1,RBA,1,0,-0.01,57197.9,55357.1,35982,36.66,5.76,7.99,26.741,-0.17
2024-02-09,ML3,ML,3,0.01,-0.01,57290.1,55379.7,35997,36.68,5.85,8.01,26.806,0.11
2024-02-09,ML1,ML,1,-0.1,-0.03,57253.8,55360.9,35985,36.66,5.88,7.97,26.791,0
2024-02-09,GIA1,GIA,1,-0.05,-0.06,57076.7,55318.7,35957,36.64,5.8,8,26.664,-0.18
2024-02-09,GIA3,GIA,3,-0.15,-0.06,57015.4,55306.2,35949,36.63,5.81,8.01,26.618,-0.21
2024-02-09,LBI3,LBI,3,-0.08,-0.06,56791.8,55225.2,35896,36.57,5.3,7.96,26.485,-0.34
2024-02-09,LBI1,LBI,1,-0.11,-0.05,56775.6,55214.5,35889,36.56,5.34,7.94,26.48,-0.36
2024-02-09,NBA1,NBA,1,0.03,-0.03,57699.1,55447.4,36041,36.72,6.06,8.01,27.126,-0.28
2024-02-09,NBA3,NBA,3,0.01,-0.05,57545.2,55397.1,36008,36.68,6.02,8.01,27.03,-0.28
2024-02-09,EC1,EC,1,0.01,-0.04,57217.1,55183.6,35869,36.53,5.47,7.94,26.929,-0.06
2024-02-09,NBRM1,NBRM,1,0.4,-0.04,57645.1,55310.2,35952,36.61,5.05,7.9,27.21,4.02
2024-02-09,NBRB1,NBRB,1,-0.06,-0.03,56973.3,55198.8,35879,36.55,5.21,7.83,26.683,-0.06
2024-01-11,MRYC1,MRYC,1,0.41,0.03,58064,55265.4,35923,36.57,7.22,8.11,27.651,0.41
2024-01-11,LDB3,LDB,3,0.01,-0.05,58136.7,55145.3,35844,36.47,7.67,8.11,27.84,1.23
2024-01-11,LDB1,LDB,1,-0.05,-0.05,58248.8,55155.3,35851,36.48,7.5,8.1,27.936,1.03
2024-01-11,BDB1,BDB,1,-0.05,-0.04,58233.9,55152.6,35849,36.47,7.66,8.12,27.925,0.87
2024-01-11,BDB3,BDB,3,-0.04,-0.02,57956,55129.4,35834,36.46,7.12,8.11,27.685,0.67
2024-01-11,YRS1,YRS,1,0,-0.06,57734,55109.4,35821,36.46,6.83,8.07,27.493,0.45
2024-01-11,YIN1,YIN,1,0,-0.04,57767.2,55107.2,35820,36.45,6.93,8.08,27.527,0.54
2024-01-11,YIN3,YIN,3,0.05,-0.03,57767.4,55109.8,35821,36.45,6.75,8.07,27.525,0.57
2024-01-11,FHB3,FHB,3,0.01,-0.05,57896,55111.9,35823,36.45,7.47,8.09,27.644,1.27
2024-01-11,FHB1,FHB,1,-0.01,-0.06,57948.8,55113.1,35824,36.45,7.56,8.09,27.694,1.06
2024-01-11,EBB1,EBB,1,0.01,-0.04,57831.6,55151.7,35849,36.49,7.4,8.08,27.544,0.7
2024-01-11,EBB3,EBB,3,-0.06,-0.05,57727.9,55147.3,35846,36.48,7.28,8.07,27.45,0.67
2024-01-11,EBBW3,EBBW,3,-0.03,-0.03,57788.8,55148.2,35846,36.48,7.65,8.09,27.507,0.76
2024-01-11,EBBW1,EBBW,1,-0.06,-0.05,57863.6,55145,35844,36.48,7.73,8.09,27.581,0.7
2024-01-11,GEB,GEB,1,0.38,0.74,58528.3,55305,35948,36.58,7.15,8.11,28.052,NA
2024-01-11,MRCH1,MRCH,1,-0.04,-0.06,58168.2,55165.3,35857,36.49,7.12,8.07,27.85,0.82
2024-01-11,DB1,DB,1,-0.08,-0.03,57822.6,55127.8,35833,36.47,7.01,8.09,27.559,1.95
2024-01-11,YIE3,YIE,3,-0.06,-0.04,57772.6,54993.3,35746,36.36,6.41,8.09,27.646,-0.03
2024-01-11,YIE1,YIE,1,-0.07,-0.03,57774.5,54992.7,35745,36.36,6.35,8.07,27.648,0.01
2024-01-11,GIE1,GIE,1,-0.02,-0.02,57746.4,54984.7,35740,36.36,6.08,8.07,27.63,-0.16
2024-01-11,GIE3,GIE,3,-0.05,-0.04,57769.7,54995.3,35747,36.37,6.03,8.06,27.641,-0.07
2024-01-11,TPBN3,TPBN,3,0.05,-0.04,57740.8,55109.5,35821,36.45,6.56,8.07,27.5,0.2
2024-01-11,TPBN1,TPBN,1,0.11,-0.05,57787,55122.7,35830,36.46,6.35,8.03,27.531,0.17
2024-01-11,GOE1,GOE,1,-0.1,-0.07,58261.6,55157.9,35853,36.48,7.26,8.1,27.946,0.47
2024-01-11,RBA1,RBA,1,0.52,-0.04,57827.9,55219.1,35892,36.54,6.85,8.07,27.474,0.87
2024-01-11,RRS1,RRS,1,0.15,-0.04,57676.8,55131.9,35836,36.47,6.75,8.08,27.417,0.3
2024-01-11,RRS3,RRS,3,0.23,-0.01,57651.7,55168.1,35859,36.5,6.59,8.05,27.357,0.46
2024-01-11,ML3,ML,3,0.27,-0.03,57703.5,55176.2,35865,36.51,6.64,8.07,27.398,0.28
2024-01-11,ML1,ML,1,0.25,-0.04,57698.1,55172,35862,36.51,6.51,8.05,27.397,0.28
2024-01-11,GIA1,GIA,1,0.31,-0.04,57685.2,55203.5,35882,36.53,6.71,8.08,27.353,0.65
2024-01-11,GIA3,GIA,3,0.27,0,57601.4,55188.4,35872,36.52,6.54,8.1,27.289,0.45
2024-01-11,LBI3,LBI,3,0.21,-0.05,57399.1,55157.3,35852,36.5,6.52,8.05,27.128,0.53
2024-01-11,LBI1,LBI,1,0.04,-0.04,57711.5,55103.5,35817,36.45,6.58,8.03,27.478,0.61
2024-01-11,NBA1,NBA,1,0.16,-0.05,57512.4,55163.8,35857,36.5,6.4,8.05,27.229,0.37
2024-01-11,NBA3,NBA,3,0.28,0.01,57526.8,55174.2,35863,36.51,6.32,8.05,27.233,0.36
2024-01-11,EC1,EC,1,0.15,-0.02,57867.2,55261.8,35920,36.57,6.91,8.04,27.468,0.22
2024-01-11,NBRM1,NBRM,1,0.55,0.05,58441,55655.3,36176,36.86,6.19,7.98,27.621,3
2024-01-11,NBRB1,NBRB,1,0.09,-0.02,58121.2,55275.7,35929,36.57,7.14,8.05,27.696,0.15
2023-12-20,MRYC1,MRYC,1,0.07,-0.05,57543,55134.1,35837,36.48,6.51,8.13,27.288,0.16
2023-12-20,LDB1,LDB,1,-0.02,-0.07,57827.7,55155.2,35851,36.49,6.85,8.13,27.537,2.45
2023-12-20,LDB3,LDB,3,0.01,-0.04,57557.4,55130.9,35835,36.48,6.6,8.12,27.304,2.85
2023-12-20,BDB3,BDB,3,-0.03,-0.03,57452.8,55113.9,35824,36.47,6.18,8.11,27.222,1.75
2023-12-20,BDB1,BDB,1,-0.02,-0.07,57632.4,55123,35830,36.47,6.32,8.1,27.384,2.85
2023-12-20,YIN1,YIN,1,-0.03,-0.05,57451.9,55109.4,35821,36.46,6.5,8.11,27.225,2.33
2023-12-20,YIN3,YIN,3,0.02,-0.04,57350.5,55109.6,35821,36.47,6.44,8.1,27.129,3.66
2023-12-20,YRS1,YRS,1,-0.01,-0.05,57348.1,55107.2,35820,36.46,6.38,8.09,27.129,3.93
2023-12-20,FHB1,FHB,1,0.07,-0.06,57423.5,55113.7,35824,36.47,6.68,8.09,27.194,4.3
2023-12-20,FHB3,FHB,3,-0.04,-0.05,57427.3,55120,35828,36.47,6.53,8.08,27.192,6.19
2023-12-20,EBB1,EBB,1,-0.08,-0.04,57528.3,55116.2,35826,36.47,6.98,8.12,27.291,2.14
2023-12-20,EBB3,EBB,3,0.03,-0.07,57492.8,55119.2,35828,36.47,6.97,8.12,27.255,3.81
2023-12-20,EBBW1,EBBW,1,-0.03,-0.04,57606.6,55094.3,35811,36.45,6.8,8.12,27.388,3.98
2023-12-20,EBBW3,EBBW,3,0.04,-0.06,57533.1,55104.4,35818,36.46,6.72,8.11,27.306,4.3
2023-12-20,MRCH1,MRCH,1,-0.02,-0.05,57770.4,55076.6,35800,36.43,6.73,8.12,27.561,2.02
2023-12-20,DB1,DB,1,-0.01,-0.04,57371,55120.4,35828,36.47,6.75,8.1,27.138,4.54
2023-12-20,YIE1,YIE,1,-0.07,-0.06,57829.1,55055.1,35786,36.41,5.76,8.12,27.638,0.02
2023-12-20,YIE3,YIE,3,-0.08,-0.06,57768.7,55058.2,35788,36.41,5.76,8.12,27.577,0.11
2023-12-20,GIE1,GIE,1,-0.06,-0.05,57784.6,55072,35797,36.43,5.88,8.13,27.579,0.06
2023-12-20,GIE3,GIE,3,-0.03,-0.04,57689.4,55068.6,35795,36.42,5.84,8.13,27.492,0.02
2023-12-20,TPBN3,TPBN,3,0.12,-0.05,57133.7,55103.3,35817,36.47,6.41,8.12,26.929,1.4
2023-12-20,TPBN1,TPBN,1,0.05,-0.05,57145.1,55103,35817,36.47,6.43,8.11,26.94,2.48
2023-12-20,GOE1,GOE,1,-0.11,-0.05,57440.7,55118.7,35827,36.47,6.39,8.1,27.206,3.75
2023-12-20,RRS3,RRS,3,0.12,-0.07,57060.4,55104.9,35818,36.47,6.27,8.1,26.858,0.45
2023-12-20,RRS1,RRS,1,0.15,0.03,57118,55107.6,35820,36.47,6.17,8.09,26.91,0.46
2023-12-20,RBA1,RBA,1,0.12,-0.04,57139.8,55112.8,35823,36.47,6.4,8.1,26.926,0.68
2023-12-20,ML3,ML,3,0.19,0,57117.8,55116.1,35825,36.48,6.29,8.12,26.902,0.43
2023-12-20,ML1,ML,1,0.04,-0.04,57261.7,55122.3,35829,36.48,6.28,8.11,27.032,0.98
2023-12-20,GIA1,GIA,1,-0.01,-0.04,57186.9,55107.9,35820,36.47,5.89,8.09,26.975,0.42
2023-12-20,GIA3,GIA,3,-0.03,-0.05,57114.1,55104.9,35818,36.47,5.96,8.09,26.909,0.42
2023-12-20,LBI3,LBI,3,0.03,-0.04,57134,55102.7,35817,36.47,5.95,8.09,26.93,0.48
2023-12-20,LBI1,LBI,1,-0.06,-0.04,57346.2,55096.3,35813,36.46,5.65,8.05,27.137,0.46
2023-12-20,NBA1,NBA,1,-0.05,-0.02,57252.6,55106.3,35819,36.47,5.95,8.08,27.039,0.39
2023-12-20,NBA3,NBA,3,0.02,-0.03,57158.6,55107.6,35820,36.47,6.02,8.08,26.949,0.31
2023-12-20,EC1,EC,1,0.14,0.04,56901.5,55126.3,35832,36.49,6.22,8.08,26.687,0.44
2023-12-20,NBRM1,NBRM,1,0.13,-0.05,56793.2,55176.5,35865,36.53,6.17,8.06,26.534,1.31
2023-12-20,NBRB1,NBRB,1,0.1,0.04,56947.6,55147.7,35846,36.51,6.22,8.03,26.709,0.07
2023-11-06,MRYC1,MRYC,1,0.29,-0.03,60674.7,56109.1,36471,37.15,6.77,8.15,29.26,0.58
2023-11-06,LDB1,LDB,1,0.04,-0.06,61132.9,56183.9,36520,37.19,7.38,8.19,29.612,1.06
2023-11-06,LDB3,LDB,3,0.04,-0.07,61104.5,56179.9,36517,37.19,7.24,8.19,29.59,0.7
2023-11-06,BDB3,BDB,3,0.13,-0.03,60910.3,56172.3,36512,37.19,6.55,8.14,29.416,0.77
2023-11-06,BDB1,BDB,1,0.2,0,60913.1,56170.5,36511,37.19,6.49,8.14,29.421,0.88
2023-11-06,YRS1,YRS,1,0.08,-0.03,60666.5,56139.2,36490,37.17,6.26,8.15,29.222,0.53
2023-11-06,YIN3,YIN,3,0.25,0.04,60612.8,56142.6,36493,37.17,6.11,8.13,29.169,0.59
2023-11-06,YIN1,YIN,1,0.01,-0.03,60867.8,56156.8,36502,37.18,6.87,8.17,29.392,0.61
2023-11-06,FHB1,FHB,1,-0.04,-0.02,61216.6,56197.7,36529,37.2,7.43,8.18,29.676,1.19
2023-11-06,FHB3,FHB,3,-0.08,-0.07,61202.2,56197.7,36529,37.2,7.33,8.18,29.662,1.07
2023-11-06,EBB3,EBB,3,-0.04,0.06,61027.9,56112.2,36473,37.14,7.43,8.24,29.587,1.24
2023-11-06,EBB1,EBB,1,-0.08,0.05,61023.4,56109.4,36471,37.13,7.41,8.24,29.585,0.98
2023-11-06,EBBW1,EBBW,1,-0.03,0.05,61005.8,56110.1,36472,37.14,7.51,8.24,29.568,0.84
2023-11-06,EBBW3,EBBW,3,-0.09,-0.01,61034.1,56120.6,36478,37.14,7.42,8.26,29.584,0.9
2023-11-06,MRCH1,MRCH,1,-0.11,0,60994.3,56052.7,36434,37.09,6.96,8.22,29.616,0.72
2023-11-06,DB1,DB,1,-0.04,-0.01,61022.6,56167.8,36509,37.18,6.83,8.19,29.525,1.91
2023-11-06,YIE3,YIE,3,-0.09,0.02,60723.8,56051.6,36434,37.1,6.99,8.21,29.364,0.23
2023-11-06,YIE1,YIE,1,-0.11,0.02,60723,56047.6,36431,37.1,6.96,8.21,29.368,0.19
2023-11-06,GIE1,GIE,1,-0.02,0,60736.8,56156.7,36502,37.18,6.53,8.18,29.27,0.09
2023-11-06,GIE3,GIE,3,-0.08,-0.01,60751.2,56172.5,36512,37.19,6.53,8.19,29.268,0.04
2023-11-06,TPBN3,TPBN,3,-0.06,0,60730.5,56087.2,36457,37.13,6.52,8.18,29.334,0.26
2023-11-06,TPBN1,TPBN,1,-0.04,-0.03,60700.2,56081.9,36453,37.12,6.49,8.18,29.312,0.24
2023-11-06,GOE1,GOE,1,-0.05,-0.04,61613.6,56201.2,36531,37.19,8.26,8.26,30.042,1.27
2023-11-06,RRS3,RRS,3,-0.05,-0.03,60631.3,56136.8,36489,37.17,6.15,8.15,29.192,0.38
2023-11-06,RRS1,RRS,1,0.05,-0.03,60597.4,56134.7,36488,37.17,6.09,8.14,29.162,0.35
2023-11-06,RBA1,RBA,1,-0.04,-0.04,61690.5,56222.3,36544,37.2,8.3,8.28,30.092,1.14
2023-11-06,ML3,ML,3,-0.04,-0.05,60725.4,56158.5,36503,37.18,5.94,8.13,29.258,0.54
2023-11-06,ML1,ML,1,0.02,-0.06,60704.2,56158,36503,37.18,5.95,8.13,29.238,0.67
2023-11-06,GIA3,GIA,3,0.08,-0.03,60539.5,56141,36492,37.17,6,8.14,29.102,0.59
2023-11-06,LBI3,LBI,3,0.1,-0.03,60660.1,56158.8,36503,37.18,6.75,8.16,29.197,0.94
2023-11-06,LBI1,LBI,1,-0.01,-0.03,60823.8,56157.1,36502,37.18,6.59,8.15,29.351,0.89
2023-11-06,NBA1,NBA,1,0.03,-0.04,60733.9,56135,36488,37.16,6.32,8.11,29.289,0.12
2023-11-06,NBA3,NBA,3,0.1,-0.06,60661.6,56131.1,36485,37.16,6.35,8.12,29.226,0.12
2023-11-06,EC1,EC,1,0.02,0,61209,56214,36539,37.21,6.6,8.09,29.652,0.38
2023-11-06,NBRM1,NBRM,1,0.55,-0.02,61440,56132.8,36486,37.14,5.99,8.08,29.95,8.94
2023-11-06,NBRB1,NBRB,1,0.2,-0.02,61676.2,56138.1,36490,37.14,5.57,7.91,30.165,0.46
2023-10-10,MRYC1,MRYC,1,0.07,0.01,60298.2,54216.1,35240,35.68,6.44,7.99,30.873,0.08
2023-10-10,LDB3,LDB,3,-0.01,-0.01,60137.4,54436.5,35384,35.85,6.65,8.07,30.483,0.51
2023-10-10,LDB1,LDB,1,0.08,0.01,60644.8,54513.2,35434,35.9,7.08,8.07,30.889,0.39
2023-10-10,BDB3,BDB,3,0.43,0.05,60103.2,54420.2,35373,35.84,6.11,8.06,30.467,0.28
2023-10-10,BDB1,BDB,1,-0.03,0,60692.3,54505.3,35428,35.89,6.33,8.04,30.943,0.26
2023-10-10,YRS1,YRS,1,0,-0.01,59856.3,54427.4,35378,35.86,6.53,8.08,30.222,0.25
2023-10-10,YIN1,YIN,1,0.01,0.01,60202.7,54463,35401,35.87,7.26,8.12,30.518,0.47
2023-10-10,YIN3,YIN,3,0.01,-0.01,59751.2,54412.9,35368,35.85,6.43,8.08,30.136,0.24
2023-10-10,FHB3,FHB,3,-0.01,0.02,59400.7,54070.9,35146,35.59,6.91,8.1,30.161,1.25
2023-10-10,FHB1,FHB,1,-0.04,0.09,59603.2,54084.5,35155,35.6,7.38,8.11,30.342,0.95
2023-10-10,EBB1,EBB,1,-0.04,0.07,59619.4,54060.8,35140,35.58,8.05,8.16,30.383,0.24
2023-10-10,EBB3,EBB,3,0,0.07,59575.4,54078.6,35151,35.59,7.73,8.16,30.319,0.2
2023-10-10,EBBW3,EBBW,3,-0.03,0.07,59581.3,54068.9,35145,35.59,7.92,8.16,30.338,0.17
2023-10-10,EBBW1,EBBW,1,-0.06,0.11,59868.3,54103,35167,35.6,7.45,8.15,30.58,0.19
2023-10-10,MRCH1,MRCH,1,-0.04,0.11,59981,54116.9,35176,35.61,7.12,8.14,30.673,0.88
2023-10-10,DB1,DB,1,-0.04,0.08,58990.4,53951.4,35068,35.51,6.13,8.08,29.89,1.18
2023-10-10,YIE1,YIE,1,0,-0.02,59230.7,53990.6,35094,35.54,6.21,8.12,30.081,-0.04
2023-10-10,YIE3,YIE,3,0.03,0.01,59852.1,54435.8,35383,35.86,6.24,8.08,30.209,0.07
2023-10-10,GIE3,GIE,3,0.12,0.04,60026.1,54870.3,35666,36.2,6.1,8.12,29.92,-0.1
2023-10-10,GIE1,GIE,1,0.07,0.03,60030.1,54874.4,35668,36.2,6.11,8.11,29.919,-0.14
2023-10-10,TPBN3,TPBN,3,-0.05,0.06,59470.1,54343.5,35323,35.8,5.76,8.06,29.939,-0.01
2023-10-10,TPBN1,TPBN,1,0,0.07,59469,54340,35321,35.8,5.73,8.06,29.942,0.04
2023-10-10,GOE1,GOE,1,-0.08,0.11,59887.6,54384.3,35350,35.82,6.09,8.05,30.298,0.31
2023-10-10,RRS3,RRS,3,0.03,0.01,59749.9,54485,35415,35.9,5.95,8.06,30.059,0.3
2023-10-10,RRS1,RRS,1,-0.02,0.04,59751.8,54415.8,35370,35.85,6.49,8.08,30.134,0.16
2023-10-10,RBA1,RBA,1,0.03,0,60154.5,54530.8,35445,35.93,6.71,8.09,30.399,1.52
2023-10-10,ML1,ML,1,-0.01,0.04,59932.5,54435.7,35383,35.86,6.28,8.05,30.287,1.52
2023-10-10,ML3,ML,3,-0.01,0.01,60022.7,54479.6,35412,35.89,6.65,8.05,30.327,0.14
2023-10-10,GIA3,GIA,3,0.01,0.01,59670.5,54456.3,35397,35.89,6.02,8.04,30.013,0.64
2023-10-10,GIA1,GIA,1,-0.03,0.01,59780.8,54417.8,35372,35.85,6.33,8.04,30.16,16.1
2023-10-10,LBI1,LBI,1,-0.01,0.07,59814.1,54559.5,35464,35.96,5.85,8.03,30.042,NA
2023-10-10,LBI3,LBI,3,0,0.05,59762.1,54598.7,35489,35.99,5.71,8,29.951,0.15
2023-10-10,NBA3,NBA,3,0.02,0.03,59310.3,54108.7,35171,35.63,6.31,8.05,30.033,0.2
2023-10-10,NBA1,NBA,1,0.02,0.01,59333.8,54119.5,35178,35.63,6.3,8.04,30.044,-0.09
2023-10-10,EC1,EC,1,0.11,0.01,59087.6,54123.1,35180,35.65,4.83,7.87,29.802,0.41
2023-10-10,NBRM1,NBRM,1,0.68,-0.01,58853.7,53379.9,34697,35.07,5.38,7.94,30.369,1.54
2023-10-10,NBRB1,NBRB,1,0.14,-0.04,58815.4,53771,34951,35.38,5.45,7.82,29.911,-1.87
2023-10-05,<NONE>,NONE,1,0.95,-0.03,3.5,3.5,2,0,8.27,8.29,25.297,NA
2025-09-09,GIE1,GIE,1,NA,NA,NA,NA,NA,NA,NA,NA,NA,0
2025-07-29,SRS1,SRS,1,NA,NA,NA,NA,NA,NA,NA,NA,NA,0
2025-07-29,LDB3,LDB,3,NA,NA,NA,NA,NA,NA,NA,NA,NA,0.47
2025-06-03,LDB3,LDB,3,NA,NA,NA,NA,NA,NA,NA,NA,NA,0.06
2024-12-04,BDB1,BDB,1,NA,NA,NA,NA,NA,NA,NA,NA,NA,0.65
2024-09-16,LDB3,LDB,3,NA,NA,NA,NA,NA,NA,NA,NA,NA,0.43
2024-09-16,LDB1,LDB,1,NA,NA,NA,NA,NA,NA,NA,NA,NA,0.45
2023-11-06,GIA1,GIA,1,NA,NA,NA,NA,NA,NA,NA,NA,NA,0.48
