date,site_code_depth,site_code,depth,tal_pe_rfu,chlorophyll_rfu,cond_us_cm,spcond_us_cm,tds_mg_l,sal_psu,do_mg_l,ph,temp_c,turbidity_fnu
2026-08-19,MRYC1,MRYC,1,-0.24,-0.1,59132.5,53865.9,35013,35.44,6.68,7.89,30.119,0.12
2026-08-12,NBRB1,NBRB,1,-0.2,-0.12,59300,53561.5,34815,35.2,4.13,7.02,30.609,1.37
2026-08-12,ML3,ML,3,-0.27,-0.17,58201.1,53546.1,34805,35.22,6.12,8.02,29.552,0.53
2026-08-12,ML1,ML,1,-0.28,-0.15,58201.7,53540.6,34801,35.22,6.28,8.03,29.558,0.51
2026-08-12,LDB1,LDB,1,-0.36,-0.15,59104,53595.4,34837,35.23,4.7,7.64,30.381,0.83
2026-08-12,LDB3,LDB,3,-0.39,-0.18,58636.4,53565.6,34818,35.23,4.93,7.61,29.956,0.71
2026-08-12,BDB3,BDB,3,-0.14,-0.17,58745.1,53540.6,34801,35.2,2.95,7.57,30.089,1.18
2026-08-12,BDB1,BDB,1,-0.14,-0.12,58719.1,53540.8,34802,35.2,3.48,7.63,30.064,0.99
2026-08-12,FHB1,FHB,1,-0.37,-0.14,58654.6,53538.1,34800,35.2,4.07,7.59,30.003,0.73
2026-08-12,FHB3,FHB,3,-0.35,-0.13,58518.2,53531.1,34795,35.2,4.45,7.55,29.877,0.79
2026-08-12,EBB3,EBB,3,-0.25,-0.12,58551.7,53520.5,34788,35.19,6.04,7.84,29.922,0.64
2026-08-12,EBB1,EBB,1,-0.35,-0.13,58619.6,53519.9,34788,35.19,6.66,7.9,29.989,0.54
2026-08-12,MRCH1,MRCH,1,-0.36,-0.15,58929.5,53571.9,34822,35.22,6.8,7.74,30.233,0.45
2026-08-12,DB1,DB,1,-0.03,-0.05,58511,53523.7,34790,35.2,6.88,7.96,29.878,1.3
2026-08-12,YIC3,YIC,3,-0.39,-0.13,58144.8,53530.6,34795,35.21,6.24,8.13,29.513,0.23
2026-08-12,YIC1,YIC,1,-0.36,-0.12,58150.1,53530.8,34795,35.22,6.23,8.11,29.518,0.21
2026-08-12,YIN1,YIN,1,-0.35,-0.14,58215.7,53524,34791,35.21,6.34,7.84,29.589,0.39
2026-08-12,YIN3,YIN,3,-0.39,-0.14,58171,53521.1,34789,35.21,6.17,7.74,29.548,0.49
2026-08-11,CRS3,CRS,3,-0.27,-0.1,57493.7,53193.6,34576,34.97,6.59,8.33,29.232,-0.14
2026-08-11,CRS1,CRS,1,0.58,-0.11,57529.2,53199.3,34580,34.98,6.55,8.36,29.261,-0.09
2026-08-11,CRN1,CRN,1,-0.33,-0.13,57530.3,53202,34581,34.98,6.68,8.16,29.259,-0.1
2026-08-11,CRN3,CRN,3,-0.33,-0.14,57541.3,53204.1,34583,34.98,6.68,8.15,29.268,-0.07
2026-08-10,GIC1,GIC,1,-0.28,-0.1,57841.9,53426.5,34727,35.14,6.56,7.92,29.327,0.22
2026-08-10,GIC3,GIC,3,-0.35,-0.12,57801.9,53427.9,34728,35.15,6.59,7.86,29.286,0.24
2026-08-10,TPBN3,TPBN,3,-0.35,-0.13,57724.5,53399.5,34710,35.13,6.05,7.96,29.241,0.32
2026-08-10,TPBN1,TPBN,1,0.38,-0.12,57780.5,53389.9,34703,35.12,6.23,8,29.306,0.2
2026-08-10,RBA1,RBA,1,-0.28,-0.12,57783.1,53422.2,34724,35.14,6.3,7.84,29.274,0.48
2026-08-10,GIA3,GIA,3,-0.31,-0.11,57833.5,53433.4,34732,35.15,6.34,8,29.311,0.41
2026-08-10,GIA1,GIA,1,-0.22,-0.12,58082,53445,34739,35.15,6.39,8.02,29.543,0.34
2026-08-10,NBA1,NBA,1,-0.38,-0.15,58115.6,53391.6,34705,35.11,5.78,7.83,29.632,0.06
2026-08-10,NBA3,NBA,3,-0.2,-0.14,58068.8,53385.3,34700,35.1,5.95,7.79,29.593,0.05
2026-08-10,NBRM1,NBRM,1,0.12,0.03,58549.5,53487.9,34767,35.17,3.27,7.48,29.955,1.25
2026-08-10,EC1,EC,1,0.44,-0.16,57933.5,53445.8,34740,35.16,6.28,7.95,29.395,0.49
2026-08-10,SRS1,SRS,1,-0.18,-0.14,57641,53530.7,34795,35.23,6.17,7.78,29.02,0.31
2026-08-10,JC3,JC,3,-0.36,-0.15,57754,53482,34763,35.19,6.14,7.98,29.182,0.13
2026-08-10,JC1,JC,1,-0.34,-0.14,57742.7,53481,34763,35.19,6.21,8,29.172,0.17
2026-08-10,JN3,JN,3,-0.34,-0.14,57683,53483.9,34765,35.19,6.76,8.15,29.111,0.25
2026-08-10,JN1,JN,1,-0.37,-0.15,57687,53484.5,34765,35.19,6.71,7.99,29.114,0.23
2026-08-10,JRS1,JRS,1,NA,NA,NA,NA,NA,NA,NA,NA,NA,0.27
