"","metric","var_pub","unit","NEMMA_n_sites","NEMMA_delta","NEMMA_p.value","NEMMA_Baseline","NEMMA_2025","NDNP_n_sites","NDNP_delta","NDNP_p.value","NDNP_Baseline","NDNP_2025","interaction_p.value"
"1","benthic_cover","Live coral","proportion",8,-0.086,0,"0.131 ± 0.059","0.045 ± 0.035",14,-0.033,0.01,"0.063 ± 0.021","0.030 ± 0.012",0.013
"2","benthic_cover","CCA","proportion",8,0.051,0.061,"0.109 ± 0.061","0.160 ± 0.088",14,0.01,0.613,"0.036 ± 0.025","0.046 ± 0.055",0.217
"3","benthic_cover","Turf algae","proportion",8,-0.102,0.031,"0.147 ± 0.065","0.045 ± 0.047",14,-0.098,0.008,"0.102 ± 0.142","0.005 ± 0.007",0.935
"4","benthic_cover","Turf-sediment complex","proportion",8,-0.031,0.546,"0.203 ± 0.142","0.172 ± 0.116",14,-0.076,0.057,"0.564 ± 0.145","0.488 ± 0.117",0.475
"5","benthic_cover","Fleshy macroalgae","proportion",8,0.225,0,"0.228 ± 0.090","0.454 ± 0.161",14,0.198,0,"0.159 ± 0.066","0.357 ± 0.084",0.621
"6","benthic_cover","Calc. macroalgae","proportion",8,-0.034,0.018,"0.074 ± 0.064","0.041 ± 0.039",14,-0.019,0.065,"0.035 ± 0.036","0.016 ± 0.021",0.389
"7","benthic_cover","Aggressive inverts","proportion",8,-0.022,0.022,"0.047 ± 0.015","0.024 ± 0.029",14,-0.011,0.12,"0.031 ± 0.018","0.020 ± 0.011",0.326
"8","benthic_cover","Peysonnelids","proportion",8,-0.001,0.961,"0.059 ± 0.030","0.058 ± 0.046",14,0.03,0.005,"0.009 ± 0.005","0.039 ± 0.024",0.064
"9","height","Fleshy macroalgal height","cm",8,-0.006,0.986,"3.562 ± 0.600","3.556 ± 1.532",14,1.619,0,"2.421 ± 1.056","4.041 ± 0.578",0.002
"10","coral_fam_cover","Acroporidae","proportion",8,-0.029,0.002,"0.032 ± 0.047","0.003 ± 0.009",14,0,0.954,"0.000 ± 0.001","0.000 ± 0.000",0.011
"11","coral_fam_cover","Faviidae","proportion",8,-0.004,0.061,"0.008 ± 0.005","0.005 ± 0.004",14,-0.001,0.662,"0.004 ± 0.003","0.004 ± 0.004",0.197
"12","coral_fam_cover","Merulinidae","proportion",8,-0.003,0.468,"0.019 ± 0.027","0.016 ± 0.018",14,-0.001,0.749,"0.002 ± 0.002","0.000 ± 0.001",0.697
"13","coral_fam_cover","Milleporidae","proportion",8,-0.011,0.009,"0.012 ± 0.017","0.001 ± 0.002",14,0.001,0.692,"0.006 ± 0.005","0.007 ± 0.005",0.02
"14","coral_fam_cover","Montastraeidae","proportion",8,0,0.699,"0.000 ± 0.001","0.000 ± 0.000",14,-0.001,0.164,"0.002 ± 0.003","0.001 ± 0.002",0.583
"15","coral_fam_cover","Poritidae","proportion",8,-0.024,0,"0.035 ± 0.020","0.011 ± 0.009",14,-0.004,0.351,"0.008 ± 0.006","0.004 ± 0.005",0.002
"16","coral_fam_cover","Siderastreidae","proportion",8,0.002,0.413,"0.003 ± 0.002","0.005 ± 0.007",14,-0.002,0.296,"0.007 ± 0.005","0.005 ± 0.003",0.196
"17","diadema_density","Total","g_m2",8,-0.164,0.104,"0.185 ± 0.435","0.021 ± 0.041",14,-0.044,0.551,"0.064 ± 0.103","0.020 ± 0.041",0.333
"18","diadema_density","Adult","g_m2",8,-0.153,0.099,"0.168 ± 0.405","0.015 ± 0.029",14,-0.045,0.507,"0.054 ± 0.085","0.008 ± 0.023",0.337
"19","diadema_density","Juvenile","g_m2",8,-0.011,0.329,"0.017 ± 0.033","0.006 ± 0.012",14,0.001,0.885,"0.011 ± 0.020","0.012 ± 0.025",0.386
"20","fish_biomass","Total","g_100m2",5,191.6,0.877,"2540.000 ± 666.237","2731.600 ± 2075.998",14,-3491.663,0,"7716.643 ± 3138.245","4224.980 ± 2503.561",0.019
"21","fish_biomass","Kyphosus Spp.","g_100m2",5,56.334,0.219,"0.000 ± 0.000","56.334 ± 109.414",14,-30.332,0.266,"38.429 ± 102.966","8.096 ± 27.529",0.11
"22","fish_biomass","Serranids","g_100m2",5,-231.343,0.586,"312.400 ± 268.770","81.057 ± 139.959",14,-1621.174,0,"2140.000 ± 1070.278","518.826 ± 249.324",0.011
"23","fish_biomass","Haemulids","g_100m2",5,-58.733,0.852,"60.400 ± 68.489","1.667 ± 3.727",14,79.258,0.675,"538.857 ± 618.851","618.115 ± 918.234",0.708
"24","fish_biomass","Scarids","g_100m2",5,-25.789,0.961,"1359.200 ± 586.525","1333.411 ± 1339.056",14,-515.309,0.12,"1400.000 ± 897.750","884.691 ± 589.105",0.43
"25","fish_biomass","Lutjanids","g_100m2",5,23.001,0.942,"52.400 ± 69.428","75.401 ± 81.007",14,-381.433,0.055,"639.429 ± 823.838","257.995 ± 357.454",0.278
"26","fish_biomass","Acanthurids","g_100m2",5,482.708,0.419,"457.800 ± 44.645","940.508 ± 981.762",14,-510.163,0.161,"1714.286 ± 622.207","1204.123 ± 1238.662",0.153
"27","fish_biomass","Herbivores","g_100m2",5,513.253,0.573,"1817.000 ± 561.668","2330.253 ± 2143.631",14,-1055.804,0.065,"3152.714 ± 1240.142","2096.910 ± 1474.765",0.141
"28","ave_fish_weight","Scarids","g_fish",5,54.744,0.335,"49.836 ± 15.881","104.581 ± 81.907",14,-21.544,0.523,"196.796 ± 104.890","175.252 ± 82.461",0.244
"29","fish_density","Acanthurus coeruleus 21-30cm","indv/m2",5,0.006,0.089,"0.001 ± 0.001","0.007 ± 0.015",14,-0.002,0.36,"0.003 ± 0.004","0.001 ± 0.001",0.058
"30","fish_density","Kyphosus spp. 21-30cm","indv/m2",5,0,1,"0.000 ± 0.000","0.000 ± 0.000",14,0,0.111,"0.001 ± 0.002","0.000 ± 0.001",0.4
"31","fish_density","Kyphosus spp. 31-40cm","indv/m2",5,0,1,"0.000 ± 0.000","0.000 ± 0.000",14,0,0.269,"0.000 ± 0.001","0.000 ± 0.000",0.561
"32","fish_density","Sparisoma aurofrenatum 21-30cm","indv/m2",5,-0.002,0.458,"0.002 ± 0.002","0.000 ± 0.001",14,-0.004,0.035,"0.007 ± 0.006","0.003 ± 0.003",0.604
"33","fish_density","Sparisoma aurofrenatum 31-40cm","indv/m2",5,0,1,"0.000 ± 0.000","0.000 ± 0.000",14,0,1,"0.000 ± 0.000","0.000 ± 0.000",1
"34","fish_density","Sparisoma chrysopterum 21-30cm","indv/m2",5,0,0.962,"0.002 ± 0.002","0.002 ± 0.004",14,-0.001,0.789,"0.006 ± 0.007","0.005 ± 0.005",0.923
"35","fish_density","Sparisoma chrysopterum 31-40cm","indv/m2",5,0,1,"0.000 ± 0.000","0.000 ± 0.000",14,-0.002,0.021,"0.003 ± 0.003","0.001 ± 0.001",0.208
"36","fish_density","Sparisoma rubripinne 21-30cm","indv/m2",5,0.002,0.242,"0.000 ± 0.000","0.002 ± 0.004",14,0,0.729,"0.002 ± 0.003","0.002 ± 0.004",0.402
"37","fish_density","Sparisoma rubripinne 31-40cm","indv/m2",5,0.001,0.619,"0.000 ± 0.000","0.001 ± 0.001",14,-0.002,0.027,"0.002 ± 0.003","0.000 ± 0.000",0.102
