"","metric","var_pub","unit","NEMMA_n_sites","NEMMA_delta","NEMMA_p.value","NDNP_n_sites","NDNP_delta","NDNP_p.value","interaction_p.value"
"1","benthic_cover","Live coral","proportion",8,-0.086,0,14,-0.033,0.01,0.013
"2","benthic_cover","CCA","proportion",8,0.051,0.061,14,0.01,0.613,0.217
"3","benthic_cover","Turf algae","proportion",8,-0.102,0.031,14,-0.098,0.008,0.935
"4","benthic_cover","Turf-sediment complex","proportion",8,-0.031,0.546,14,-0.076,0.057,0.475
"5","benthic_cover","Fleshy macroalgae","proportion",8,0.225,0,14,0.198,0,0.621
"6","benthic_cover","Calc. macroalgae","proportion",8,-0.034,0.018,14,-0.019,0.065,0.389
"7","benthic_cover","Aggressive inverts","proportion",8,-0.022,0.022,14,-0.011,0.12,0.326
"8","benthic_cover","Peysonnelids","proportion",8,-0.001,0.961,14,0.03,0.005,0.064
"9","height","Fleshy macroalgal height","cm",8,-0.006,0.986,14,1.619,0,0.002
"10","coral_fam_cover","Acroporidae","proportion",8,-0.029,0.002,14,0,0.954,0.011
"11","coral_fam_cover","Faviidae","proportion",8,-0.004,0.061,14,-0.001,0.662,0.197
"12","coral_fam_cover","Merulinidae","proportion",8,-0.003,0.468,14,-0.001,0.749,0.697
"13","coral_fam_cover","Milleporidae","proportion",8,-0.011,0.009,14,0.001,0.692,0.02
"14","coral_fam_cover","Montastraeidae","proportion",8,0,0.699,14,-0.001,0.164,0.583
"15","coral_fam_cover","Poritidae","proportion",8,-0.024,0,14,-0.004,0.351,0.002
"16","coral_fam_cover","Siderastreidae","proportion",8,0.002,0.413,14,-0.002,0.296,0.196
"17","diadema_density","Total","g_m2",8,-0.164,0.104,14,-0.044,0.551,0.333
"18","diadema_density","Adult","g_m2",8,-0.153,0.099,14,-0.045,0.507,0.337
"19","diadema_density","Juvenile","g_m2",8,-0.011,0.329,14,0.001,0.885,0.386
"20","fish_biomass","Total","g_100m2",5,191.6,0.877,14,-3491.663,0,0.019
"21","fish_biomass","Kyphosus Spp.","g_100m2",5,56.334,0.219,14,-30.332,0.266,0.11
"22","fish_biomass","Serranids","g_100m2",5,-231.343,0.586,14,-1621.174,0,0.011
"23","fish_biomass","Haemulids","g_100m2",5,-58.733,0.852,14,79.258,0.675,0.708
"24","fish_biomass","Scarids","g_100m2",5,-25.789,0.961,14,-515.309,0.12,0.43
"25","fish_biomass","Lutjanids","g_100m2",5,23.001,0.942,14,-381.433,0.055,0.278
"26","fish_biomass","Acanthurids","g_100m2",5,482.708,0.419,14,-510.163,0.161,0.153
"27","fish_biomass","Herbivores","g_100m2",5,513.253,0.573,14,-1055.804,0.065,0.141
"28","ave_fish_weight","Scarids","g_fish",5,54.744,0.335,14,-21.544,0.523,0.244
"29","fish_density","Acanthurus coeruleus 21-30cm","indv/m2",5,0.006,0.089,14,-0.002,0.36,0.058
"30","fish_density","Kyphosus spp. 21-30cm","indv/m2",5,0,1,14,0,0.111,0.4
"31","fish_density","Kyphosus spp. 31-40cm","indv/m2",5,0,1,14,0,0.269,0.561
"32","fish_density","Sparisoma aurofrenatum 21-30cm","indv/m2",5,-0.002,0.458,14,-0.004,0.035,0.604
"33","fish_density","Sparisoma aurofrenatum 31-40cm","indv/m2",5,0,1,14,0,1,1
"34","fish_density","Sparisoma chrysopterum 21-30cm","indv/m2",5,0,0.962,14,-0.001,0.789,0.923
"35","fish_density","Sparisoma chrysopterum 31-40cm","indv/m2",5,0,1,14,-0.002,0.021,0.208
"36","fish_density","Sparisoma rubripinne 21-30cm","indv/m2",5,0.002,0.242,14,0,0.729,0.402
"37","fish_density","Sparisoma rubripinne 31-40cm","indv/m2",5,0.001,0.619,14,-0.002,0.027,0.102
