"","Zone","Variable","Unit","Historical mean","Historical SD","2025 mean","2025 SD","Pct. change","Delta","CI low","CI high","p","Significance"
"1","NDNP","Ave fish weight - Scarids","g_fish",196.796186873011,104.889918946568,175.252333370119,82.4607003247885,-10.9472921428062,-21.5438535028914,-95.4617949893566,55.8496571810576,0.414446222764492,"ns"
"2","NDNP","Benthic cover - Aggressive inverts","proportion",0.0310021972232576,0.0181750441766762,0.019837312117118,0.0105944653268428,-36.0132058567892,-0.0111648851061395,-0.024322206880516,0.00125793116401406,0.148778617087727,"ns"
"3","NDNP","Benthic cover - CCA","proportion",0.0361415598985014,0.0254094534431979,0.0460322427963227,0.0548307870665568,27.3665080466861,0.00989068289782126,-0.00662813781662173,0.0313563612787544,0.572081696065726,"ns"
"4","NDNP","Benthic cover - Calc. macroalgae","proportion",0.0354720091651141,0.0355719159674245,0.0161584819026961,0.0206597468418172,-54.44723238686,-0.019313527262418,-0.0330777397459424,-0.00765042886756068,0.00574194154874128,"**"
"5","NDNP","Benthic cover - Fleshy macroalgae","proportion",0.159245017966445,0.0657897403192404,0.356871782549929,0.0837474457357497,124.102321759997,0.197626764583483,0.140203013012475,0.258625891406431,0.0010970505857231,"**"
"6","NDNP","Benthic cover - Live coral","proportion",0.063232791601093,0.0208639448763481,0.0299504054597299,0.0124963920774441,-52.6346936433339,-0.0332823861413631,-0.0477691371286402,-0.0172389816293646,0.00574194154874128,"**"
"7","NDNP","Benthic cover - Peysonnelids","proportion",0.00886522771750132,0.00504381497538949,0.0389859906748802,0.0239832490281739,339.762992189314,0.0301207629573789,0.0174013934910718,0.0428673606621531,0.00258447894760353,"**"
"8","NDNP","Benthic cover - Turf algae","proportion",0.102054255077718,0.142295113786914,0.00450173407574006,0.00722165299958297,-95.5888815490233,-0.097552521001978,-0.180049031748128,-0.0412634285414942,0.0020976434034589,"**"
"9","NDNP","Benthic cover - Turf-sediment complex","proportion",0.563986941350369,0.144531766352184,0.487662050423584,0.117156108391232,-13.5330954195567,-0.0763248909267848,-0.147931130033716,-0.00697711526037569,0.0787915035643527,"ns"
"10","NDNP","Coral fam cover - Acroporidae","proportion",0.000361428571428571,0.000970843068542112,0,0,-100,-0.000361428571428571,-0.000951428571428571,0,0.371093369522698,"ns"
"11","NDNP","Coral fam cover - Faviidae","proportion",0.00427285714285714,0.00266450292253092,0.00365928571428571,0.00383918077167054,-14.3597459043798,-0.000613571428571429,-0.002999542125,0.00225919803571428,0.379471360411207,"ns"
"12","NDNP","Coral fam cover - Merulinidae","proportion",0.00150428571428571,0.00233754873017314,0.000476190714285714,0.00101874962265185,-68.3443969610636,-0.001028095,-0.00254961880357143,0.000297863785714286,0.12320491142034,"ns"
"13","NDNP","Coral fam cover - Milleporidae","proportion",0.0057,0.0046026781501476,0.00681428571428571,0.00530520249153561,19.5488721804511,0.00111428571428571,-0.002100588125,0.00476570882142856,0.833935414088552,"ns"
"14","NDNP","Coral fam cover - Montastraeidae","proportion",0.00247428571428571,0.00329117868595085,0.00134285642857143,0.00190244602143422,-45.7275115473441,-0.00113142928571429,-0.00295335216071429,0.000714766910714282,0.350528908982333,"ns"
"15","NDNP","Coral fam cover - Poritidae","proportion",0.00771071428571429,0.0056531236624416,0.00409666714285714,0.00490372821746636,-46.870458545623,-0.00361404714285714,-0.00802297548214286,0.00122903716071428,0.167253563317042,"ns"
"16","NDNP","Coral fam cover - Siderastreidae","proportion",0.00728785714285714,0.00520440963706064,0.00544952428571429,0.00333712543848678,-25.2246006076644,-0.00183833285714286,-0.00552080214285714,0.00150381664285714,0.615518503675301,"ns"
"17","NDNP","Diadema density - Adult","g_m2",0.0535721428571429,0.0845234613018158,0.00833333333333328,0.0233424890461962,-84.4446518490866,-0.0452388095238096,-0.0916671428571429,-0.00711360119047665,0.0558292946392401,"ns"
"18","NDNP","Diadema density - Juvenile","g_m2",0.0107142857142857,0.0202625321958785,0.0119047619047619,0.0248315447889497,11.1111111111113,0.00119047619047621,-0.0142866666666666,0.0166664345238096,1,"ns"
"19","NDNP","Diadema density - Total","g_m2",0.0642864285714286,0.103126432380329,0.020238095238095,0.0409181857405465,-68.518868308871,-0.0440483333333336,-0.0988413988095238,0.00118999999999957,0.0796880256742914,"ns"
"20","NDNP","Fish biomass - Acanthurids","g_100m2",1714.28571428571,622.206919400171,1204.12253856228,1238.6617098005,-29.7595185838671,-510.163175723436,-1163.1386084571,341.977187096349,0.0445533169117585,"*"
"21","NDNP","Fish biomass - Herbivores","g_100m2",3114.28571428571,1196.41209960779,2088.81364092277,1469.83119564216,-32.928002355691,-1025.47207336295,-2150.19877559553,67.6266549251104,0.0900820575789648,"ns"
"22","NDNP","Fish biomass - Scarids","g_100m2",1400,897.749836664295,884.691102360488,589.104645017092,-36.8077784028223,-515.308897639512,-1130.02383671019,19.5164456339967,0.131904094905011,"ns"
"23","NDNP","Fish biomass - Serranids","g_100m2",2140,1070.27753410038,518.826440373074,249.324359580649,-75.7557738143423,-1621.17355962693,-2144.31792304578,-1081.59022840381,0.00136666351919497,"**"
"24","NDNP","Fish biomass - Total","g_100m2",7716.64285714286,3138.24486976994,4224.97986240861,2503.56073665968,-45.2484721578401,-3491.66299473425,-4881.79858191041,-2087.74732190465,0.00317265532163019,"**"
"25","NDNP","Fish density - Acanthurus coeruleus 21-30cm","indv/m2",0.00273809523809524,0.00378972648907898,0.000793650793650794,0.00130224230816249,-71.0144927536232,-0.00194444444444444,-0.00424652777777778,-0.0000198412698412695,0.102694011608645,"ns"
"26","NDNP","Fish density - Kyphosus spp. 21-30cm","indv/m2",0.000714285714285714,0.0019297807450728,0.000238095238095238,0.000890870806374748,-66.6666666666667,-0.000476190476190476,-0.00119047619047619,0,0.371093369522698,"ns"
"27","NDNP","Fish density - Kyphosus spp. 31-40cm","indv/m2",0.000238095238095238,0.000890870806374748,0,0,-100,-0.000238095238095238,-0.000714285714285714,0,1,"ns"
"28","NDNP","Fish density - Sparisoma aurefrenatum 21-30cm","indv/m2",0.00654761904761905,0.0058274433896089,0.00297619047619048,0.00298466437111803,-54.5454545454545,-0.00357142857142857,-0.00712301587301587,-0.000138392857142863,0.0916805301459911,"ns"
"29","NDNP","Fish density - Sparisoma aurefrenatum 31-40cm","indv/m2",0.000119047619047619,0.000445435403187374,0.000119047619047619,0.000445435403187374,-0.0000000000000113841228110978,0.0000000000000000000143822737166444,-0.000357142857142857,0.000357142857142857,1,"ns"
"30","NDNP","Fish density - Sparisoma chrysopterum 21-30cm","indv/m2",0.0055952380952381,0.00699838634810993,0.00504148629148629,0.00465789032129189,-9.89684074790458,-0.000553751803751803,-0.0048219246031746,0.00333387445887445,0.893851574333904,"ns"
"31","NDNP","Fish density - Sparisoma chrysopterum 31-40cm","indv/m2",0.00273809523809524,0.00330805432894072,0.000674603174603175,0.00104342037967738,-75.3623188405797,-0.00206349206349206,-0.0039484126984127,-0.000416666666666667,0.0379826346432602,"*"
"32","NDNP","Fish density - Sparisoma rubripinne 21-30cm","indv/m2",0.00166666666666667,0.00292352673102343,0.00207251082251082,0.00356346995161252,24.3506493506494,0.000405844155844156,-0.00180762987012987,0.00272727272727273,0.812380364087885,"ns"
"33","NDNP","Fish density - Sparisoma rubripinne 31-40cm","indv/m2",0.0019047619047619,0.00325925000923688,0,0,-100,-0.0019047619047619,-0.00369047619047619,-0.000476190476190476,0.0355223366234146,"*"
"34","NDNP","Height - Fleshy macroalgal height","cm",2.42142857142857,1.05624776480679,4.04059795881409,0.578340046383282,66.868352281408,1.61916938738552,1.10698998255417,2.03993535048368,0.00169627235997648,"**"
"35","NEMMA","Ave fish weight - Scarids","g_fish",49.8364599254383,15.8809009516003,104.58095875941,81.9069465844461,109.848289617434,54.7444988339717,8.80596789417759,132.800232970483,0.0590582290905367,"ns"
"36","NEMMA","Benthic cover - Aggressive inverts","proportion",0.0469648972168238,0.0151052163289925,0.0244757945769543,0.0289852956791882,-47.8849182529744,-0.0224891026398695,-0.0393157182981349,-0.00273799978911762,0.107327557761612,"ns"
"37","NEMMA","Benthic cover - CCA","proportion",0.109452859890355,0.0611877991752683,0.160000540127673,0.0881784395868362,46.1821466227144,0.0505476802373178,-0.0185491808608531,0.122796405032498,0.362726506485098,"ns"
"38","NEMMA","Benthic cover - Calc. macroalgae","proportion",0.0744156824189729,0.0640077588515758,0.0406596336294488,0.0385124684954921,-45.3614717922922,-0.0337560487895242,-0.0679999042280786,-0.00115742542431235,0.107327557761612,"ns"
"39","NEMMA","Benthic cover - Fleshy macroalgae","proportion",0.228422079113358,0.0898672334706022,0.453596124421218,0.161362282576752,98.5780561064392,0.225174045307861,0.133071185805729,0.31090550370964,0.0142661867014469,"*"
"40","NEMMA","Benthic cover - Live coral","proportion",0.131278890809827,0.0591714761397525,0.0451698344874263,0.0345129061835949,-65.5924618125696,-0.0861090563224008,-0.123241193490939,-0.0441927579583209,0.0208625823327655,"*"
"41","NEMMA","Benthic cover - Peysonnelids","proportion",0.05902571048811,0.0304595559387697,0.0584077855573908,0.0461345239177457,-1.04687419365105,-0.000617924930719209,-0.0296203590636723,0.032641723383278,0.833634883024682,"ns"
"42","NEMMA","Benthic cover - Turf algae","proportion",0.147380146310273,0.0650840510863353,0.0453219967307908,0.0465193920162165,-69.2482346737692,-0.102058149579483,-0.156759287537895,-0.035134094461016,0.0299739735865559,"*"
"43","NEMMA","Benthic cover - Turf-sediment complex","proportion",0.20305973375228,0.141675797876761,0.172368290469098,0.116178978970685,-15.1144900645953,-0.030691443283182,-0.130943097160806,0.0492258389252945,1,"ns"
"44","NEMMA","Coral fam cover - Acroporidae","proportion",0.03215,0.04723367110139,0.00333333375,0.00942809159433194,-89.631932348367,-0.02881666625,-0.05728249875,-0.008125,0.0590582290905367,"ns"
"45","NEMMA","Coral fam cover - Faviidae","proportion",0.00821875,0.00465639786438279,0.00459791625,0.0037457117563305,-44.0557718631179,-0.00362083375,-0.00733708375,0.000182729156249997,0.141482121482793,"ns"
"46","NEMMA","Coral fam cover - Merulinidae","proportion",0.01947,0.0267374932044338,0.01636875125,0.0184163536026508,-15.9283448895737,-0.00310124875,-0.01517068503125,0.0100063125,0.528612125255688,"ns"
"47","NEMMA","Coral fam cover - Milleporidae","proportion",0.01202375,0.0171545095591301,0.0014625,0.00243977832066182,-87.8365734483834,-0.01056125,-0.02131291625,-0.00317666625,0.0590582290905367,"ns"
"48","NEMMA","Coral fam cover - Montastraeidae","proportion",0.00040625,0.000759415893960615,0,0,-100,-0.00040625,-0.00091,0,0.371093369522698,"ns"
"49","NEMMA","Coral fam cover - Poritidae","proportion",0.03524875,0.0199039137841926,0.01105208375,0.00858023094037007,-68.6454590588319,-0.02419666625,-0.0379831975,-0.01083889540625,0.0299739735865559,"*"
"50","NEMMA","Coral fam cover - Siderastreidae","proportion",0.00274875,0.001994459737086,0.00464374875,0.00650888174553693,68.9403819918145,0.00189499875,-0.002302085,0.00738699749999999,0.726286148878805,"ns"
"51","NEMMA","Diadema density - Adult","g_m2",0.16755875,0.404964794040791,0.0145833333333334,0.0287814700088965,-91.2965850286342,-0.152975416666667,-0.44434375,0.0083333333333335,0.580712162189025,"ns"
"52","NEMMA","Diadema density - Juvenile","g_m2",0.01696375,0.0328286755911875,0.00625,0.0124003968190474,-63.1567312651978,-0.01071375,-0.0342245833333334,0.00416666666666675,0.422678074170635,"ns"
"53","NEMMA","Diadema density - Total","g_m2",0.18452375,0.435357284141838,0.0208333333333338,0.0405810965453804,-88.7096737773139,-0.163690416666666,-0.478572083333333,0.0124999999999999,0.583882420770365,"ns"
"54","NEMMA","Fish biomass - Acanthurids","g_100m2",457.8,44.6452685063042,940.507581771464,981.761759793689,105.440712488306,482.707581771464,-228.33486938482,1217.62668053639,0.787406490666269,"ns"
"55","NEMMA","Fish biomass - Herbivores","g_100m2",1817,561.6684965351,2273.91857784261,2037.67766270334,25.1468672450529,456.918577842612,-1157.49453184889,2453.89007415855,1,"ns"
"56","NEMMA","Fish biomass - Scarids","g_100m2",1359.2,586.525106027014,1333.41099607115,1339.05646811486,-1.89736638676074,-25.7890039288521,-946.507322028008,1323.95451113269,0.589638551626567,"ns"
"57","NEMMA","Fish biomass - Serranids","g_100m2",312.4,268.769976001785,81.056689504921,139.959334018405,-74.0535564965042,-231.343310495079,-343.699386187371,-118.987234802787,0.0590582290905367,"ns"
"58","NEMMA","Fish biomass - Total","g_100m2",2540,666.236819757059,2731.60029920516,2075.99783467432,7.54331886634488,191.60029920516,-1274.51408553216,2463.7082640095,0.589638551626567,"ns"
"59","NEMMA","Fish density - Acanthurus coeruleus 21-30cm","indv/m2",0.00075,0.00103749163316573,0.007,0.0147384606462894,833.333333333333,0.00625,-0.000000000000000000130104260698261,0.01875,1,"ns"
"60","NEMMA","Fish density - Kyphosus spp. 21-30cm","indv/m2",0,0,0,0,NA,0,0,0,NA,""
"61","NEMMA","Fish density - Kyphosus spp. 31-40cm","indv/m2",0,0,0,0,NA,0,0,0,NA,""
"62","NEMMA","Fish density - Sparisoma aurefrenatum 21-30cm","indv/m2",0.00231481481481482,0.00212156282173882,0.000333333333333333,0.00074535599249993,-85.6,-0.00198148148148148,-0.00388888888888889,0.000259259259259259,0.197466073358019,"ns"
"63","NEMMA","Fish density - Sparisoma aurefrenatum 31-40cm","indv/m2",0,0,0,0,NA,0,0,0,NA,""
"64","NEMMA","Fish density - Sparisoma chrysopterum 21-30cm","indv/m2",0.00183333333333333,0.00205395959064437,0.00166666666666667,0.00372677996249965,-9.09090909090912,-0.000166666666666667,-0.003,0.00333333333333333,1,"ns"
"65","NEMMA","Fish density - Sparisoma chrysopterum 31-40cm","indv/m2",0,0,0,0,NA,0,0,0,NA,""
"66","NEMMA","Fish density - Sparisoma rubripinne 21-30cm","indv/m2",0,0,0.00233333333333333,0.00365148371670111,Inf,0.00233333333333333,0,0.00566666666666667,0.371093369522698,"ns"
"67","NEMMA","Fish density - Sparisoma rubripinne 31-40cm","indv/m2",0,0,0.000666666666666667,0.00149071198499986,Inf,0.000666666666666667,0,0.002,1,"ns"
"68","NEMMA","Height - Fleshy macroalgal height","cm",3.5625,0.59985117201805,3.5561111101388,1.53235016671645,-0.179337259261758,-0.00638888986120004,-0.690072704292968,0.779966044323979,0.726286148878805,"ns"
