"updated","genotype","active","collection_date","collection_site","collection_lat","collection_lon","york_locations","tpb_locations","cades_locations","jumby_locations","n_frags","n_outplanted"
2026-08-12,"ACER01","N",2021-07-19,"Exchange Bay","17.0423","-61.68254","","","","",0,0
2026-08-12,"ACER02","N",2021-07-20,"Cervi Heaven","17.07555","-61.6678","","","","",0,0
2026-08-12,"ACER03","N",2021-07-21,"Little Bird Channel","17.16702","-61.72996","","","","",0,0
2026-08-12,"ACER04","N",2021-07-21,"Little Bird Channel","17.16514","-61.73107","","","","",0,0
2026-08-12,"ACER05","N",2021-07-21,"Little Bird Channel","17.16578","-61.73129","","","","",0,0
2026-08-12,"ACER06","N",2021-07-21,"Great Bird","17.14907","-61.72346","","","","",0,0
2026-08-12,"ACER07","Y",2021-07-21,"Hells Gate","17.13977","-61.72128","E3, E1","D3, D4","B3, C1, C2, C3, C4","E7",338,261
2026-08-12,"ACER08","N",2021-07-22,"Man Of War","17.0655","-61.66287","","","","",0,0
2026-08-12,"ACER09","N",2021-07-28,"Hells Gate","17.14007","-61.7209","","","","",0,0
2026-08-12,"ACER10","N",2023-03-24,"Indian Creek","17.002958","-61.737524","","","","",0,0
2026-08-12,"ACER11","N",2021-11-10,"Hells Gate","17.140118","-61.721773","","","","",0,0
2026-08-12,"ACER12","Y",2024-02-04,"Bird Island West","17.147828","-61.726719","D1, E1","D1","C2","E2",102,74
2026-08-12,"APAL01","N",2021-07-19,"Friar's Head","17.04817","-61.67191","","","","",0,0
2026-08-12,"APAL02","N",2021-07-20,"North Green","17.08215","-61.66522","","","","",0,0
2026-08-12,"APAL03","N",2021-07-20,"North Green","17.08195","-61.6652","","","","",0,0
2026-08-12,"APAL04","N",2021-07-20,"North Green","17.076833","-61.663583","","","","",0,0
2026-08-12,"APAL05","N",2021-07-20,"North Green","17.076633","-61.6627","","","","",0,0
2026-08-12,"APAL06","Y",2021-07-20,"North Green","17.075167","-61.664717","C1","","","",4,0
2026-08-12,"APAL07","N",2021-07-20,"North Green","17.074633","-61.664967","","","","",0,0
2026-08-12,"APAL08","N",2021-07-21,"Little Bird Channel","17.166993","-61.730005","","","","",0,0
2026-08-12,"APAL09","N",2021-07-21,"Little Bird Channel","17.16488","-61.73041","","","","",0,0
2026-08-12,"APAL10","Y",2021-07-21,"Great Bird","17.14898","-61.72344","D2, C1","A8","","",90,107
2026-08-12,"APAL11","Y",2021-07-21,"Hells Gate","17.14121","-61.7214","C1","","","",4,16
2026-08-12,"APAL12","Y",2021-07-21,"Hells Gate","17.13962","-61.72119","D6, C1","B7","A1","",27,42
2026-08-12,"APAL13","Y",2021-07-22,"Man Of War","17.065383","-61.662417","F6, C1","A1","A1","",115,267
2026-08-12,"APAL14","N",2021-07-22,"Man Of War","17.06577","-61.66278","","","","",0,0
2026-08-12,"APAL15","Y",2021-07-27,"York Island","17.05256","-61.66769","E9, C1","","","B4",57,57
2026-08-12,"APAL16","N",2021-07-27,"York Island","17.05228","-61.66991","","","","",0,0
2026-08-12,"APAL17","N",2021-07-27,"Hells Gate","17.14219","-61.7216","","","","",0,0
2026-08-12,"APAL18","Y",2021-07-27,"Hells Gate","17.1406","-61.7211","C1","","","",4,4
2026-08-12,"APAL19","N",2021-07-27,"Hells Gate","17.13997","-61.72181","","","","",0,0
2026-08-12,"APAL20","Y",2021-07-27,"Hells Gate","17.13969","-61.72385","C1","","","",4,4
2026-08-12,"APAL21","N",2021-07-27,"Great Bird","17.148231","-61.723195","","","","",0,0
2026-08-12,"APAL22","N",2021-07-27,"Great Bird","17.147896","-61.723116","","","","",0,0
2026-08-12,"APAL23","N",2021-07-27,"Great Bird","17.14703","-61.72286","","","","",0,0
2026-08-12,"APAL24","Y",2021-11-02,"Hells Gate","17.139911","-61.721393","C1","A1","","",9,31
2026-08-12,"APAL25","Y",2021-11-03,"Hells Gate","17.148982","-61.723447","F9, C1","ST, A2","A1","",87,69
2026-08-12,"APAL26","N",2021-11-03,"Man Of War","17.06555","-61.662967","","","","",0,0
2026-08-12,"APAL27","N",2022-10-10,"Great Bird","17.148844","-61.723506","","","","",0,0
2026-08-12,"APAL28","N",2021-11-10,"South Hells Gate","17.137205","-61.719345","","","","",0,0
2026-08-12,"APAL29","N",2022-10-10,"Great Bird","17.147643","-61.72302","","","","",0,0
2026-08-12,"APAL30","N",2022-10-10,"Great Bird","17.155647","-61.741375","","","","",0,0
2026-08-12,"APAL31","N",2023-03-24,"Indian Creek","17.002581","-61.737383","","","","",0,0
2026-08-12,"APAL32","N",2023-03-24,"Snapper Point","17.002317","-61.768607","","","","",0,0
2026-08-12,"APAL33","Y",2023-03-24,"Snapper Point","17.002368","-61.768481","E9, C1","","","",14,36
2026-08-12,"APAL34","N",2023-03-24,"Indian Creek","17.002394","-61.737698","","","","",0,0
2026-08-12,"APAL35","N",2023-04-12,"Snapper Point","17.002914","-61.767806","","","","",0,0
2026-08-12,"APAL36","N",2023-04-12,"Snapper Point","17.003621","-61.766183","","","","",0,0
2026-08-12,"APAL37","Y",2023-04-12,"Snapper Point","17.003168","-61.766941","C1","","","",1,0
2026-08-12,"APAL38","N",2023-04-12,"Pillars Of Hercules","17.001575","-61.761613","","","","",0,0
2026-08-12,"APAL39","N",2023-04-18,"Devil's Bridge","17.102275","-61.677369","","","","",0,0
2026-08-12,"APAL40","N",2023-04-18,"Seatons Mount","17.11409","-61.694696","","","","",0,0
2026-08-12,"APAL41","N",2023-04-18,"Seatons Mount","17.114394","-61.695376","","","","",0,0
2026-08-12,"APAL42","N",2023-04-20,"Seatons Mount","17.114915","-61.694751","","","","",0,0
2026-08-12,"APAL43","N",2023-04-20,"The Cut","17.092099","-61.673054","","","","",0,0
2026-08-12,"APAL44","N",2023-04-20,"The Cut","17.09219","-61.673325","","","","",0,0
2026-08-12,"APAL45","N",2024-02-20,"Seatons","17.11901","-61.71073","","","","",0,0
2026-08-12,"APAL46","Y",2024-02-20,"Seatons","17.11917","-61.71071","D3, C1","","","",11,58
2026-08-12,"APAL47","N",2024-02-20,"Seatons","17.11394","-61.70767","","","","",0,0
2026-08-12,"APAL48","Y",2024-02-20,"Seatons","17.11394","-61.7073","F7, C1","","A1","",39,53
2026-08-12,"APAL49","Y",2024-01-13,"Great Bird","17.147692","-61.722964","F8, C1","","A1","",32,124
2026-08-12,"APAL50","Y",2024-01-13,"Great Bird","17.147024","-61.72304","","","A1","",4,62
2026-08-12,"APAL51","Y",2024-01-13,"Great Bird","17.146803","-61.723016","D3, C1","","A1","",18,24
2026-08-12,"APAL52","Y",2024-01-14,"Hells Gate","17.141192","-61.721318","D8, F1","","","",22,36
2026-08-12,"APAL53","Y",2024-01-14,"Hells Gate","17.141968","-61.720936","F3, F1","","A1","B2",147,44
2026-08-12,"APAL54","Y",2024-01-14,"Hells Gate","17.14093","-61.721243","D8, F1","","A1","B4",71,56
2026-08-12,"APAL57","Y",2024-03-20,"Seatons Mount","17.11453","-61.70122","D3, F1","","A1","",19,12
2026-08-12,"APAL58","Y",2024-03-20,"Seatons Mount","17.11436","-61.70119","D6, F1","","","",10,22
2026-08-12,"APAL59","Y",2024-03-20,"Seatons Mount","17.11431","-61.70153","F1","","A1","",5,18
2026-08-12,"APAL60","Y",2024-03-20,"Seatons Mount","17.11503","-61.70107","D5, F1","","A1","",45,75
2026-08-12,"APAL61","Y",2024-05-15,"Cades Reef","17.00606","-61.85783","","","C2","",3,155
2026-08-12,"APAL62","Y",2024-05-15,"Cades Reef","17.00578","-61.85815","","","A2, A3, C2","",90,3
2026-08-12,"APAL63","Y",2024-05-15,"Cades Reef","17.00567","-61.86065","F1","","A4, C2","",15,9
2026-08-12,"APAL64","N",2024-05-21,"Cades Reef","17.005054","-61.865684","","","","",0,0
2026-08-12,"APAL65","Y",2025-04-19,"Spithead","17.096963","-61.675173","D6, F1","","","",69,19
2026-08-12,"APAL66","Y",2025-04-19,"Spithead","17.096595","-61.674697","D9, F1","","","",34,0
2026-08-12,"APAL67","Y",2025-04-25,"Cades Reef","17.005325","-61.865684","","","A4, C2","",20,19
2026-08-12,"APAL68","Y",2025-04-25,"Cades Reef","17.0056","-61.86165","","","A3, C2","",27,87
2026-08-12,"APAL69","Y",2025-04-25,"Cades Reef","17.00513","-61.86071","","","A4, C2","",27,33
2026-08-12,"APAL70","Y",2025-05-08,"Seatons Reef","17.12034","-61.703809","E9, F1","","","",16,18
2026-08-12,"APAL71","Y",2025-05-08,"Seatons Reef","17.118716","-61.704294","F1","","","",4,33
2026-08-12,"APAL72","Y",2025-05-08,"Seatons Mount","17.114072","-61.694647","D3, F1","","","",37,63
2026-08-12,"APAL73","Y",2025-05-08,"Seatons Mount","17.11427","-61.695401","F5, F1","","","",46,64
2026-08-12,"APAL74","Y",2025-05-09,"Seatons Reef","17.112527","-61.688605","E8, F1","","","",54,90
2026-08-12,"APAL75","Y",2025-05-09,"Seatons Reef","17.112379","-61.688569","F7, F1","","","",37,67
2026-08-12,"APAL76","Y",2025-05-09,"Seatons Reef","17.112074","-61.688852","F1","","","",4,112
2026-08-12,"APAL77","Y",2025-06-19,"Hells Gate","17.141583","-61.721155","","","","B1",63,0
2026-08-12,"APAL78","N",2023-04-20,"Seatons Mount","17.114402","-61.69426","","","","",0,0
2026-08-12,"APAL79","Y",2026-06-16,"Bird Island","-61.720998","17.143518","D6","","","",32,0
2026-08-12,"APAL80","Y",2026-06-16,"Bird Island","-61.72111","17.143836","D9","","","",39,0
2026-08-12,"APAL81","Y",2026-06-16,"Bird Island","-61.755049","17.180777","F9","","","",21,0
2026-08-12,"APAL82","Y",2026-06-16,"Bird Island","-61.763969","17.181664","F5","","","",22,0
2026-08-12,"APAL83","Y",2026-06-16,"Bird Island","17.181782","-61.76447","F8","","","",26,0
2026-08-12,"APALXX","N",NA,NA,NA,NA,"","","","",0,87
2026-08-12,"APRO01","Y",2021-07-20,"North Green","17.074667","-61.664867","F2, E1","D1","","E3",73,341
2026-08-12,"APRO02","N",2021-07-21,"Little Bird Channel","17.16483","-61.73036","","","","",0,0
2026-08-12,"APRO03","N",2021-07-21,"Hells Gate","17.14175","-61.72192","","","","",0,0
2026-08-12,"APRO04","Y",2021-07-21,"Hells Gate","17.140289","-61.721907","E1","D1","","",12,18
2026-08-12,"APRO05","Y",2021-07-22,"Man Of War","17.06586","-61.6627","F4, E6, E1","A6, A10, B9, D2, D5","B4, C4","E6, E8",492,1949
2026-08-12,"APRO06","N",2021-07-28,"Hells Gate","17.14029","-61.72078","","","","",0,0
2026-08-12,"APRO07","Y",2021-07-28,"Great Bird","17.14704","-61.72285","E2, E1","D2","","",57,20
2026-08-12,"APRO08","Y",2024-03-20,"Seatons Mount","17.11514","-61.70115","D4, E1","D3","","E1, E4",162,592
2026-08-12,"APRO10","Y",2023-04-20,"The Cut","17.092099","-61.673054","D5, E1","D2","","",32,32
2026-08-12,"APRO11","N",2021-11-10,"South Hells Gate","17.13665","-61.721875","","","","",0,0
2026-08-12,"APRO13","N",2022-01-25,"North Green","17.090857","-61.674076","","","","",0,0
2026-08-12,"APRO14","Y",2024-02-04,"Little Bird Island West","17.155532","-61.743487","","ST","","",3,0
2026-08-12,"APRO15","Y",2025-04-19,"Spithead","17.095214","-61.673811","D7","","C3","",112,0
2026-08-12,"APRO16","N",2025-04-25,"Sandy Island","17.134851","-61.928907","","","","",0,0
2026-08-12,"APRO17","Y",2025-06-19,"Hells Gate","17.155807","-61.741981","","","","B3, B4",91,322
2026-08-12,"APRO18","Y",2025-04-25,"Sandy Island","17.134851","-61.928907","","","A3, C1, C2","",61,34
2026-08-12,"APRO19","Y",2026-06-16,"Bird Island","-61.721059","17.14395","E9","","","",38,0
2026-08-12,"APRO20","Y",2026-06-16,"Bird Island","-61.755289","17.18117","E7","","","",77,0
2026-08-12,"APRO21","Y",2026-06-16,"Bird Island","17.078194","-61.668497","E8","","","",16,0
2026-08-12,"APROXX","Y",NA,NA,NA,NA,"","","","E5",56,372
2026-08-12,"CNAT01","N",2023-02-18,"North Green","17.075836","-61.668449","","","","",0,3
2026-08-12,"CNAT02","N",2023-02-19,"Ten Pound Bay","17.067625","-61.664182","","","","",0,0
2026-08-12,"CNAT03","Y",2024-02-04,"Bird Island West","17.147459","-61.72733","","","","A2",7,18
2026-08-12,"CNAT04","N",2024-06-05,"Cades Reef","17.010659","-61.867979","","","","",0,23
2026-08-12,"CNAT05","Y",2026-07-20,"Ten Pound Bay",NA,NA,"","","","A1",34,0
2026-08-12,"DCYL01","N",2023-02-20,"Maiden Island","17.144964","-61.761182","","","","",0,6
2026-08-12,"DCYL03","Y",NA,"Cades Reef",NA,NA,"","A2","","A2",54,108
2026-08-12,"DLAB01","N",2023-02-18,"North Green","17.075835","-61.668515","","","","",0,5
2026-08-12,"DLAB02","Y",2023-02-19,"Ten Pound Bay","17.068005","-61.664284","","","","A1",13,44
2026-08-12,"DLAB03","N",2024-02-04,"Pierce Shoals","17.157526","-61.767162","","","","",0,81
2026-08-12,"DLAB04","Y",2024-02-04,"Little Bird Island West","17.15637","-61.743637","","","","A3",17,3
2026-08-12,"DLAB05","N",2024-02-04,"Bird Island West","17.147467","-61.727317","","","","",0,36
2026-08-12,"DLAB06","Y",2025-05-10,"Little Bird Island North","17.080227","-61.6708","","","","A2",14,29
2026-08-12,"DLAB07","Y",2025-05-10,"Little Bird Island North","17.080466","-61.671716","","","","A3",46,42
2026-08-12,"MCAV01","N",2023-02-19,"Ten Pound Bay","17.067501","-61.664362","","","","",0,2
2026-08-12,"MCAV02","Y",2024-02-04,"Pierce Shoals","17.156763","-61.768185","","","","A3",11,36
2026-08-12,"OANN ?","N",NA,NA,NA,NA,"","","","",0,6
2026-08-12,"OANN01","N",2023-02-18,"North Green","17.075544","-61.668307","","","","",0,16
2026-08-12,"OANN02","Y",2023-02-19,"Ten Pound Bay","17.067682","-61.664259","","","","A2",24,41
2026-08-12,"OANN03","Y",2024-02-04,"Pierce Shoals","17.157043","-61.768088","","","","A2",12,84
2026-08-12,"OANN04","Y",2024-02-04,"Bird Island West","17.148331","-61.726094","","","","A1",16,11
2026-08-12,"OANN05","Y",2024-02-04,"Little Bird Island West","17.156023","-61.743566","","","","A1",14,45
2026-08-12,"OANN06","N",2024-02-04,"Little Bird Island West","17.156882","-61.743801","","","","",0,5
2026-08-12,"OANN07","N",2024-02-04,"Bird Island West","17.147473","-61.72751","","","","",0,0
2026-08-12,"OANN08","N",2024-05-21,"Cades Reef","17.004963","-61.866193","","","","",0,46
2026-08-12,"OANN09","N",2024-05-21,"Cades Reef","17.004954","-61.867071","","","","",0,45
2026-08-12,"OANN10","N",2024-06-05,"Cades Reef","17.00928","-61.860093","","","","",0,28
2026-08-12,"OANN11","N",2024-06-05,"Cades Reef","17.009187","-61.86054","","","","",0,59
2026-08-12,"OANN12","N",2024-06-05,"Cades Reef","17.010755","-61.867726","","","","",0,74
2026-08-12,"OANN13","Y",2025-05-10,"Little Bird Island North","17.080172","-61.670755","","","","A1",20,89
2026-08-12,"OANN14","N",2025-05-10,"Little Bird Island North","17.080226","-61.670919","","","","",0,0
2026-08-12,"OANN15","Y",2025-05-10,"Little Bird Island North","17.080344","-61.670926","","","","A2",15,39
2026-08-12,"OANN16","Y",2026-07-20,"Stingray Site",NA,NA,"","","","A3",62,0
2026-08-12,"OANN17","Y",2026-07-20,"Stingray Site",NA,NA,"","","","A4",115,0
2026-08-12,"OFAV01","N",2023-02-18,"North Green","17.075454","-61.668341","","","","",0,6
2026-08-12,"OFAV02","N",2023-02-19,"Ten Pound Bay","17.067712","-61.664145","","","","",0,1
2026-08-12,"OFAV03","N",2024-02-04,"Little Bird Island West","17.156178","-61.743585","","","","",0,28
2026-08-12,"OFAV04","N",2024-02-04,"Little Bird Island West","17.156786","-61.743892","","","","",0,1
2026-08-12,"OFAV05","Y",2024-02-04,"Bird Island West","17.148268","-61.726106","","","","A2",42,164
2026-08-12,"OFAV06","Y",2024-02-04,"Pierce Shoals","17.157415","-61.767162","","","","A1",9,0
2026-08-12,"OFAV07","N",2024-05-21,"Cades Reef","17.005109","-61.865203","","","","",0,57
2026-08-12,"OFAV08","N",2024-05-21,"Cades Reef","17.005159","-61.865338","","","","",0,20
2026-08-12,"OFAV09","N",NA,NA,NA,NA,"","","","",0,45
2026-08-12,"OFAV10","N",2024-06-05,"Cades Reef","17.009166","-61.859934","","","","",0,39
2026-08-12,"OFAV11","N",2024-06-05,"Cades Reef","17.009979","-61.869095","","","","",0,0
2026-08-12,"OFAV12","Y",2025-05-10,"Little Bird Island North","17.053548","-61.671332","","","","A2",7,36
2026-08-12,"OFAV13","N",2025-05-10,"Little Bird Island North","17.054068","-61.671168","","","","",0,58
2026-08-12,"OFAV14","N",2025-05-10,"Little Bird Island North","17.05449","-61.670838","","","","",0,26
2026-08-12,"OFAV15","Y",2026-07-20,"Ten Pound Bay",NA,NA,"","","","A4",116,0
2026-08-12,"OFAV16","Y",2026-07-20,"Ten Pound Bay",NA,NA,"","","","A3",30,0
2026-08-12,"OFAV17","Y",NA,NA,NA,NA,"","","","A1",39,0
2026-08-12,"OFRA01","Y",2024-02-04,"Little Bird Island West","17.156678","-61.743689","","","","A1",11,48
2026-08-12,"OFRA02","Y",2026-07-20,"Stingray Site",NA,NA,"","","","A3",9,0
2026-08-12,"PCLI01","N",2023-02-20,"Maiden Island","17.145118","-61.761108","","","","",0,0
2026-08-12,"PCLI02","N",2023-02-20,"Long Island","17.155647","-61.741375","","","","",0,0
2026-08-12,"PCLI03","N",2024-02-04,"Pierce Shoals","17.157501","-61.767949","","","","",0,28
2026-08-12,"PCLI04","N",2024-06-05,"Cades Reef","17.009565","-61.85988","","","","",0,3
2026-08-12,"PCLI05","Y",2026-07-20,"Stingray Site",NA,NA,"","","","A1",17,0
2026-08-12,"PDIV01","Y",2022-01-25,"North Green","17.090285","-61.675178","","ST","","",21,24
2026-08-12,"PFUR01","N",2021-11-27,"Ten Pound Bay","17.068219","-61.664547","","","","",0,0
2026-08-12,"PFUR02","Y",2021-11-27,"Ten Pound Bay","17.069112","-61.665175","","ST","","",4,0
2026-08-12,"PFUR03","Y",NA,NA,NA,NA,"","ST","","",0,0
2026-08-12,"PSTR01","N",2023-02-18,"North Green","17.075518","-61.66829","","","","",0,21
2026-08-12,"PSTR02","Y",2023-02-19,"Ten Pound Bay","17.067615","-61.664298","","","","A2",12,27
2026-08-12,"PSTR03","Y",2023-02-20,"Long Island","17.15552","-61.741356","","","","A2",11,39
2026-08-12,"PSTR04","N",2024-02-04,"Pierce Shoals","17.157585","-61.768095","","","","",0,5
2026-08-12,"PSTR05","N",2024-02-04,"Little Bird Island West","17.156855","-61.74382","","","","",0,27
2026-08-12,"PSTR06","Y",2024-02-04,"Little Bird Island West","17.155532","-61.743487","","","","A2",13,30
2026-08-12,"PSTR07","N",2024-02-04,"Bird Island West","17.148213","-61.727056","","","","",0,4
2026-08-12,"PSTR08","N",2024-06-05,"Cades Reef","17.009558","-61.86005","","","","",0,32
2026-08-12,"PSTR09","N",2024-06-05,"Cades Reef","17.008831","-61.860583","","","","",0,52
2026-08-12,"PSTR10","N",2024-06-05,"Cades Reef","17.010847","-61.867641","","","","",0,59
2026-08-12,"PSTR11","N",2024-05-21,"Cades Reef","17.00504","-61.867424","","","","",0,37
2026-08-12,"PSTR12","N",2025-05-10,"Little Bird Island North","17.054442","-61.67091","","","","",0,12
2026-08-12,"PSTR13","N",NA,NA,NA,NA,"","","","",0,0
2026-08-12,"PSTR14","Y",2026-07-20,"Stingray Site",NA,NA,"","","","A1",26,0
2026-08-12,"PSTR15","Y",2026-07-20,"Ten Pound Bay",NA,NA,"","","","A3",32,0
2026-08-12,"Total","N",NA,NA,NA,NA,"","","","",0,8044
